"Coline Devin, Daniel Geng, Pieter Abbeel, Trevor Darrell, Sergey Levine"
"LU LIU, Tianyi Zhou, Guodong Long, Jing Jiang, Chengqi Zhang"
"Niv Nayman, Asaf Noy, Tal Ridnik, Itamar Friedman, Rong Jin, Lihi Zelnik"
"Oliver Hamelijnck, Theodoros Damoulas, Kangrui Wang, Mark Girolami"
"Shaojie Bai, J. Zico Kolter, Vladlen Koltun"
"Ruibing Hou, Hong Chang, Bingpeng MA, Shiguang Shan, Xilin Chen"
"Arsalan Sharifnassab, Saber Salehkaleybar, S. Jamaloddin Golestani"
"Ke Wang, Geoff Pleiss, Jacob Gardner, Stephen Tyree, Kilian Q. Weinberger, Andrew Gordon Wilson"
"Haowei He, Gao Huang, Yang Yuan"
"Viet Anh Nguyen, Soroosh Shafieezadeh Abadeh, Man-Chung Yue, Daniel Kuhn, Wolfram Wiesemann"
"Pooria Joulani, András György, Csaba Szepesvari"
"Tuomas Kynkäänniemi, Tero Karras, Samuli Laine, Jaakko Lehtinen, Timo Aila"
"Arun Jambulapati, Aaron Sidford, Kevin Tian"
"Maxime Bucher, Tuan-Hung VU, Matthieu Cord, Patrick Pérez"
"Pascal Mettes, Elise van der Pol, Cees Snoek"
"Arjun Nitin Bhagoji, Daniel Cullina, Prateek Mittal"
"Qing Qu, Xiao Li, Zhihui Zhu"
"Meire Fortunato, Melissa Tan, Ryan Faulkner, Steven Hansen, Adrià Puigdomènech Badia, Gavin Buttimore, Charles Deck, Joel Z. Leibo, Charles Blundell"
"Xingyu Cai, Tingyang Xu, Jinfeng Yi, Junzhou Huang, Sanguthevar Rajasekaran"
"Xin Guo, Anran Hu, Renyuan Xu, Junzi Zhang"
"Zihan Li, Matthias Fresacher, Jonathan Scarlett"
"Brandon Anderson, Truong Son Hy, Risi Kondor"
"Fabio Vitale, Anand Rajagopalan, Claudio Gentile"
"Stefan Meintrup, Alexander Munteanu, Dennis Rohde"
"Mikael Henaff"
"Dennis Maximilian Elbrächter, Julius Berner, Philipp Grohs"
"Ines Chami, Zhitao Ying, Christopher Ré, Jure Leskovec"
"Yu Meng, Jiaxin Huang, Guangyuan Wang, Chao Zhang, Honglei Zhuang, Lance Kaplan, Jiawei Han"
"Shufei Ge, Shijia Wang, Yee Whye Teh, Liangliang Wang, Lloyd Elliott"
"Igor Fedorov, Ryan P. Adams, Matthew Mattina, Paul Whatmough"
"Kamalika Chaudhuri, Jacob Imola, Ashwin Machanavajjhala"
"Jeffrey Negrea, Mahdi Haghifam, Gintare Karolina Dziugaite, Ashish Khisti, Daniel M. Roy"
"Kiran K. Thekumparampil, Prateek Jain, Praneeth Netrapalli, Sewoong Oh"
"Vaishnavh Nagarajan, J. Zico Kolter"
"Pierre Bellec, Arun Kuchibhotla"
"Jack Umenberger, Mina Ferizbegovic, Thomas B. Schön, Håkan Hjalmarsson"
"Raanan Yehezkel Rohekar, Yaniv Gurwicz, Shami Nisimov, Gal Novik"
"Aaron Klein, Zhenwen Dai, Frank Hutter, Neil Lawrence, Javier Gonzalez"
"Surbhi Goel, Sushrut Karmalkar, Adam Klivans"
"Sayak Ray Chowdhury, Aditya Gopalan"
"Meera Pai, Animesh Kumar"
"Yaqi Duan, Tracy Ke, Mengdi Wang"
"Nicki Skafte, Martin Jørgensen, Søren Hauberg"
"Aravind Rajeswaran, Chelsea Finn, Sham M. Kakade, Sergey Levine"
"Mikko Heikkilä, Joonas Jälkö, Onur Dikmen, Antti Honkela"
"Trevor Campbell, Xinglong Li"
"Yali Du, Lei Han, Meng Fang, Ji Liu, Tianhong Dai, Dacheng Tao"
"Wenhao Zhang, Si Wu, Brent Doiron, Tai Sing Lee"
"Randall Balestriero, Romain Cosentino, Behnaam Aazhang, Richard Baraniuk"
"Yahav Bechavod, Katrina Ligett, Aaron Roth, Bo Waggoner, Steven Z. Wu"
"Victor Chernozhukov, Mert Demirer, Greg Lewis, Vasilis Syrgkanis"
"Sanjay P. Bhat, Prashanth L.A."
"DongDong Ge, Haoyue Wang, Zikai Xiong, Yinyu Ye"
"Cheng Fu, Huili Chen, Haolan Liu, Xinyun Chen, Yuandong Tian, Farinaz Koushanfar, Jishen Zhao"
"Yanping Huang, Youlong Cheng, Ankur Bapna, Orhan Firat, Dehao Chen, Mia Chen, HyoukJoong Lee, Jiquan Ngiam, Quoc V. Le, Yonghui Wu, zhifeng Chen"
"Suhas Jayaram Subramanya, Fnu Devvrit, Harsha Vardhan Simhadri, Ravishankar Krishnawamy, Rohan Kadekodi"
"Sanae Amani, Mahnoosh Alizadeh, Christos Thrampoulidis"
"Jingbo Liu, Philippe Rigollet"
"Vaishak Belle, Brendan Juba"
"Jonas W. Mueller, Vasilis Syrgkanis, Matt Taddy"
"J. Zico Kolter, Gaurav Manek"
"Gagandeep Singh, Rupanshu Ganvir, Markus Püschel, Martin Vechev"
"Yuge Shi, Siddharth N, Brooks Paige, Philip Torr"
"YiDing Jiang, Shixiang (Shane) Gu, Kevin P. Murphy, Chelsea Finn"
"David Salinas, Michael Bohlke-Schneider, Laurent Callot, Roberto Medico, Jan Gasthaus"
"Farzane Aminmansour, Andrew Patterson, Lei Le, Yisu Peng, Daniel Mitchell, Franco Pestilli, Cesar F. Caiafa, Russell Greiner, Martha White"
"Huaian Diao, Rajesh Jayaram, Zhao Song, Wen Sun, David Woodruff"
"Ziyin Liu, Zhikang Wang, Paul Pu Liang, Russ R. Salakhutdinov, Louis-Philippe Morency, Masahito Ueda"
"Ali Sadeghian, Mohammadreza Armandpour, Patrick Ding, Daisy Zhe Wang"
"Paul Hongsuck Seo, Geeho Kim, Bohyung Han"
"Carlo Ciliberto, Francis Bach, Alessandro Rudi"
"Han Liu, Zhizhong Han, Yu-Shen Liu, Ming Gu"
"Jaehoon Lee, Lechao Xiao, Samuel Schoenholz, Yasaman Bahri, Roman Novak, Jascha Sohl-Dickstein, Jeffrey Pennington"
"Hanjun Dai, Chengtao Li, Connor Coley, Bo Dai, Le Song"
"Tianyuan Jin, Jieming SHI, Xiaokui Xiao, Enhong Chen"
"Alban Laflaquière, Michael Garcia Ortiz"
"Chongli Qin, James Martens, Sven Gowal, Dilip Krishnan, Krishnamurthy Dvijotham, Alhussein Fawzi, Soham De, Robert Stanforth, Pushmeet Kohli"
"Shangtong Zhang, Wendelin Boehmer, Shimon Whiteson"
"Saeed Sharifi-Malvajerdi, Michael Kearns, Aaron Roth"
"meyer scetbon, Gael Varoquaux"
"Tobias Sommer Thune, Nicolò Cesa-Bianchi, Yevgeny Seldin"
"Cornelius Schröder, Ben James, Leon Lagnado, Philipp Berens"
"Colin Wei, Tengyu Ma"
"Zaiqiao Meng, Shangsong Liang, Jinyuan Fang, Teng Xiao"
"Xingyu Lin, Harjatin Baweja, George Kantor, David Held"
"Emile Mathieu, Charline Le Lan, Chris J. Maddison, Ryota Tomioka, Yee Whye Teh"
"Zhihao Xia, Ayan Chakrabarti"
"Zeyuan Allen-Zhu, Yuanzhi Li, Zhao Song"
"Marco Loog, Tom Viering, Alexander Mey"
"Jicong Fan, Lijun Ding, Yudong Chen, Madeleine Udell"
"Zhixin Zhou, Shulong Tan, Zhaozhuo Xu, Ping Li"
"Songbai Yan, Kamalika Chaudhuri, Tara Javidi"
"Qi Liu, Maximilian Nickel, Douwe Kiela"
"Jiechuan Jiang, Zongqing Lu"
"Pranjal Awasthi, Abhratanu Dutta, Aravindan Vijayaraghavan"
"Hui Guan, Lin Ning, Zhen Lin, Xipeng Shen, Huiyang Zhou, Seung-Hwan Lim"
"Max Simchowitz, Kevin G. Jamieson"
"Vivek Veeriah, Matteo Hessel, Zhongwen Xu, Janarthanan Rajendran, Richard L. Lewis, Junhyuk Oh, Hado P. van Hasselt, David Silver, Satinder Singh"
"Gautam Singh, Jaesik Yoon, Youngsung Son, Sungjin Ahn"
"Hattie Zhou, Janice Lan, Rosanne Liu, Jason Yosinski"
"James Requeima, Jonathan Gordon, John Bronskill, Sebastian Nowozin, Richard E. Turner"
"Wesley J. Maddox, Pavel Izmailov, Timur Garipov, Dmitry P. Vetrov, Andrew Gordon Wilson"
"Changqing Zhang, Zongbo Han, yajie cui, Huazhu Fu, Joey Tianyi Zhou, Qinghua Hu"
"Alix LHERITIER, Frederic Cazals"
"Stéphane d'Ascoli, Levent Sagun, Giulio Biroli, Joan Bruna"
"Emmanouil-Vasileios Vlatakis-Gkaragkounis, Lampros Flokas, Georgios Piliouras"
"Qi Zhao, Yusu Wang"
"Yikang LI, Tao Ma, Yeqi Bai, Nan Duan, Sining Wei, Xiaogang Wang"
"Emre Yolcu, Barnabas Poczos"
"Xinyun Chen, Yuandong Tian"
"Felix Leibfried, Sergio Pascual-Díaz, Jordi Grau-Moya"
"Qianli Ma, Jiawei Zheng, Sen Li, Gary W. Cottrell"
"Lingxiao Wang, Zhuoran Yang, Zhaoran Wang"
"Meng Qu, Jian Tang"
"Xueting Li, Sifei Liu, Shalini De Mello, Xiaolong Wang, Jan Kautz, Ming-Hsuan Yang"
"Jacky Y. Zhang, Rajiv Khanna, Anastasios Kyrillidis, Oluwasanmi O. Koyejo"
"Aditya Bhaskara, Pruthuvi Maheshakya Wijewardena"
"Alhussein Fawzi, Mateusz Malinowski, Hamza Fawzi, Omar Fawzi"
"Sai Qian Zhang, Qi Zhang, Jieyu Lin"
"Lei Wu, Qingcan Wang, Chao Ma"
"Hamid Shayestehmanesh, Sajjad Azami, Nishant A. Mehta"
"Koosha Khalvati, Saghar Mirbagheri, Seongmin A. Park, Jean-Claude Dreher, Rajesh PN Rao"
"Aaron Schein, Scott Linderman, Mingyuan Zhou, David Blei, Hanna Wallach"
"Dustin Tran, Mike Dusenberry, Mark van der Wilk, Danijar Hafner"
"Dmitrii Emelianenko, Elena Voita, Pavel Serdyukov"
"Rahaf Aljundi, Eugene Belilovsky, Tinne Tuytelaars, Laurent Charlin, Massimo Caccia, Min Lin, Lucas Page-Caccia"
"Emily Reif, Ann Yuan, Martin Wattenberg, Fernanda B. Viegas, Andy Coenen, Adam Pearce, Been Kim"
"Daniel Freeman, David Ha, Luke Metz"
"Andrew Bennett, Nathan Kallus, Tobias Schnabel"
"Natasa Tagasovska, Damien Ackerer, Thibault Vatter"
"Yulin Wang, Xuran Pan, Shiji Song, Hong Zhang, Gao Huang, Cheng Wu"
"Iordanis Kerenidis, Jonas Landman, Alessandro Luongo, Anupam Prakash"
"Jose A. Arjona-Medina, Michael Gillhofer, Michael Widrich, Thomas Unterthiner, Johannes Brandstetter, Sepp Hochreiter"
"Piotr Indyk, Ali Vakilian, Yang Yuan"
"Motonobu Kanagawa, Philipp Hennig"
"JIAJIN LI, SEN HUANG, Anthony Man-Cho So"
"Zhuozhuo Tu, Jingwei Zhang, Dacheng Tao"
"Yi Tay, Anh Tuan Luu, Aston Zhang, Shuohang Wang, Siu Cheung Hui"
"Jiefeng Chen, Xi Wu, Vaibhav Rastogi, Yingyu Liang, Somesh Jha"
"Yizhe Zhu, Jianwen Xie, Zhiqiang Tang, Xi Peng, Ahmed Elgammal"
"Matthew Staib, Stefanie Jegelka"
"Rahul Singh, Maneesh Sahani, Arthur Gretton"
"Tsendsuren Munkhdalai, Alessandro Sordoni, TONG WANG, Adam Trischler"
"Adarsh Barik, Jean Honorio"
"Jeff Donahue, Karen Simonyan"
"Anna Harutyunyan, Will Dabney, Thomas Mesnard, Mohammad Gheshlaghi Azar, Bilal Piot, Nicolas Heess, Hado P. van Hasselt, Gregory Wayne, Satinder Singh, Doina Precup, Remi Munos"
"Hyeonwoo Yu, Beomhee Lee"
"Guy Lorberbom, Andreea Gane, Tommi Jaakkola, Tamir Hazan"
"Xiaoyun Li, Ping Li"
"David Janz, Jiri Hron, Przemysław Mazur, Katja Hofmann, José Miguel Hernández-Lobato, Sebastian Tschiatschek"
"Mario Lezcano Casado"
"Francesco Locatello, Gabriele Abbati, Thomas Rainforth, Stefan Bauer, Bernhard Schölkopf, Olivier Bachem"
"Hado P. van Hasselt, Matteo Hessel, John Aslanides"
"Qian Yang, Zhouyuan Huo, Wenlin Wang, Lawrence Carin"
"Igor Kuralenok, Vasilii Ershov, Igor Labutin"
"Bastian Alt, Adrian Šošić, Heinz Koeppl"
"Xiao Liu, Xiaolong Zou, Zilong Ji, Gengshuo Tian, Yuanyuan Mi, Tiejun Huang, K. Y. Michael Wong, Si Wu"
"David Widmann, Fredrik Lindsten, Dave Zachariah"
"Han Zhu, Daqing Chang, Ziru Xu, Pengye Zhang, Xiang Li, Jie He, Han Li, Jian Xu, Kun Gai"
"Jeremiah Liu, John Paisley, Marianthi-Anna Kioumourtzoglou, Brent Coull"
"Yoav Wald, Nofar Noy, Gal Elidan, Ami Wiesel"
"David Berthelot, Nicholas Carlini, Ian Goodfellow, Nicolas Papernot, Avital Oliver, Colin A. Raffel"
"Qiyang Li, Saminul Haque, Cem Anil, James Lucas, Roger B. Grosse, Joern-Henrik Jacobsen"
"Ji Feng, Qi-Zhi Cai, Zhi-Hua Zhou"
"Fanny Yang, Zuowen Wang, Christina Heinze-Deml"
"Ahmed M. Alaa, Mihaela van der Schaar"
"Guillaume Gautier, Rémi Bardenet, Michal Valko"
"Jinjin Tian, Aaditya Ramdas"
"Bowen Li, Xiaojuan Qi, Thomas Lukasiewicz, Philip Torr"
"Aida Rahmattalabi, Phebe Vayanos, Anthony Fulginiti, Eric Rice, Bryan Wilder, Amulya Yadav, Milind Tambe"
"Guodong Zhang, James Martens, Roger B. Grosse"
"Sébastien Arnold, Pierre-Antoine Manzagol, Reza Babanezhad Harikandeh, Ioannis Mitliagkas, Nicolas Le Roux"
"Benyamin Allahgholizadeh Haghi, Spencer Kellis, Sahil Shah, Maitreyi Ashok, Luke Bashford, Daniel Kramer, Brian Lee, Charles Liu, Richard Andersen, Azita Emami"
"Jenny Liu, Aviral Kumar, Jimmy Ba, Jamie Kiros, Kevin Swersky"
"Hao Zheng, Faming Fang, Guixu Zhang"
"Guruprasad Raghavan, Matt Thomson"
"Jie Ren, Peter J. Liu, Emily Fertig, Jasper Snoek, Ryan Poplin, Mark Depristo, Joshua Dillon, Balaji Lakshminarayanan"
"Biao Zhang, Rico Sennrich"
"Naganand Yadati, Madhav Nimishakavi, Prateek Yadav, Vikram Nitin, Anand Louis, Partha Talukdar"
"Edgar Dobriban, Sifan Liu"
"Francis Williams, Matthew Trager, Daniele Panozzo, Claudio Silva, Denis Zorin, Joan Bruna"
"Raymond Yeh, Yuan-Ting Hu, Alexander Schwing"
"Jingxiang Lin, Unnat Jain, Alexander Schwing"
"Gaurush Hiranandani, Shant Boodaghians, Ruta Mehta, Oluwasanmi O. Koyejo"
"Yi Chern Tan, L. Elisa Celis"
"Chenwei DING, Mingming Gong, Kun Zhang, Dacheng Tao"
"Xuezhe Ma, Xiang Kong, Shanghang Zhang, Eduard Hovy"
"Zijun Gao, Yanjun Han, Zhimei Ren, Zhengqing Zhou"
"Samuli Laine, Tero Karras, Jaakko Lehtinen, Timo Aila"
"Anthony Ndirango, Tyler Lee"
"Dominik Janzing"
"Lin Chen, Hossein Esfandiari, Gang Fu, Vahab Mirrokni"
"Emilien Dupont, Arnaud Doucet, Yee Whye Teh"
"Wenqing Hu, Chris Junchi Li, Xiangru Lian, Ji Liu, Huizhuo Yuan"
"Rinu Boney, Norman Di Palo, Mathias Berglund, Alexander Ilin, Juho Kannala, Antti Rasmus, Harri Valpola"
"Uthaipon Tantipongpipat, Samira Samadi, Mohit Singh, Jamie H. Morgenstern, Santosh Vempala"
"Dina Obeid, Hugo Ramambason, Cengiz Pehlevan"
"Boyi Liu, Qi Cai, Zhuoran Yang, Zhaoran Wang"
"Tianjun Zhang, Zhewei Yao, Amir Gholami, Joseph E. Gonzalez, Kurt Keutzer, Michael W. Mahoney, George Biros"
"Han Zhao, Yao-Hung Hubert Tsai, Russ R. Salakhutdinov, Geoffrey J. Gordon"
"Yihan Jiang, Hyeji Kim, Himanshu Asnani, Sreeram Kannan, Sewoong Oh, Pramod Viswanath"
"Yukang Chen, Tong Yang, Xiangyu Zhang, GAOFENG MENG, Xinyu Xiao, Jian Sun"
"Laura Rose Edmondson, Alejandro Jimenez Rodriguez, Hannes P. Saal"
"Carl Allen, Ivana Balazevic, Timothy Hospedales"
"Johannes Klicpera, Stefan Weißenberger, Stephan Günnemann"
"Qi Lei, Ajil Jalal, Inderjit S. Dhillon, Alexandros G. Dimakis"
"Akshay Krishnamurthy, Arya Mazumdar, Andrew McGregor, Soumyabrata Pal"
"Hadi Salman, Greg Yang, Huan Zhang, Cho-Jui Hsieh, Pengchuan Zhang"
"Philippe Casgrain"
"Yue Sun, Nicolas Flammarion, Maryam Fazel"
"Maher Nouiehed, Maziar Sanjabi, Tianjian Huang, Jason D. Lee, Meisam Razaviyayn"
"Andre Barreto, Diana Borsa, Shaobo Hou, Gheorghe Comanici, Eser Aygün, Philippe Hamel, Daniel Toyama, Jonathan hunt, Shibl Mourad, David Silver, Doina Precup"
"Lili Su, Pengkun Yang"
"Lei Xu, Maria Skoularidou, Alfredo Cuesta-Infante, Kalyan Veeramachaneni"
"Sharan Vaswani, Aaron Mishkin, Issam Laradji, Mark Schmidt, Gauthier Gidel, Simon Lacoste-Julien"
"Yonathan Efroni, Nadav Merlis, Mohammad Ghavamzadeh, Shie Mannor"
"Yoan Russac, Claire Vernade, Olivier Cappé"
"Ya-Chien Chang, Nima Roohi, Sicun Gao"
"Adithya M Devraj, Jianshu Chen"
"Samuel Greydanus, Misko Dzamba, Jason Yosinski"
"Tamas Madarasz, Tim Behrens"
"Arindam Banerjee, Qilong Gu, Vidyashankar Sivakumar, Steven Z. Wu"
"John Lawson, George Tucker, Bo Dai, Rajesh Ranganath"
"Yuki Yoshida, Masato Okada"
"Junbang Liang, Ming Lin, Vladlen Koltun"
"Roman Werpachowski, András György, Csaba Szepesvari"
"Zhengyang Shen, Francois-Xavier Vialard, Marc Niethammer"
"Anette Hunziker, Yuxin Chen, Oisin Mac Aodha, Manuel Gomez Rodriguez, Andreas Krause, Pietro Perona, Yisong Yue, Adish Singla"
"Qi Dou, Daniel Coelho de Castro, Konstantinos Kamnitsas, Ben Glocker"
"Antoine Wehenkel, Gilles Louppe"
"Daniel Kumor, Bryant Chen, Elias Bareinboim"
"Sawyer Birnbaum, Volodymyr Kuleshov, Zayd Enam, Pang Wei W. Koh, Stefano Ermon"
"Shuang Wu, Guanrui Wang, Pei Tang, Feng Chen, Luping Shi"
"Dan Schwartz, Mariya Toneva, Leila Wehbe"
"Seyed Kamyar Seyed Ghasemipour, Shixiang (Shane) Gu, Richard Zemel"
"Erik Nijkamp, Mitch Hill, Song-Chun Zhu, Ying Nian Wu"
"Kohei Hayashi, Taiki Yamaguchi, Yohei Sugawara, Shin-ichi Maeda"
"Ben Deverett, Ryan Faulkner, Meire Fortunato, Gregory Wayne, Joel Z. Leibo"
"Karol Gregor, Danilo Jimenez Rezende, Frederic Besse, Yan Wu, Hamza Merzic, Aaron van den Oord"
"Hongjoon Ahn, Sungmin Cha, Donggyu Lee, Taesup Moon"
"Haibin YU, Yizhou Chen, Bryan Kian Hsiang Low, Patrick Jaillet, Zhongxiang Dai"
"Paul Michel, Omer Levy, Graham Neubig"
"Shupeng Gui, Haotao N. Wang, Haichuan Yang, Chen Yu, Zhangyang Wang, Ji Liu"
"Yiwen Guo, Ziang Yan, Changshui Zhang"
"Changyong Oh, Jakub Tomczak, Efstratios Gavves, Max Welling"
"Michael Zhu"
"Tam Le, Makoto Yamada, Kenji Fukumizu, Marco Cuturi"
"Robert Ness, Kaushal Paneri, Olga Vitek"
"Wei Deng, Xiao Zhang, Faming Liang, Guang Lin"
"Xiaoling Hu, Fuxin Li, Dimitris Samaras, Chao Chen"
"Adam Kosiorek, Sara Sabour, Yee Whye Teh, Geoffrey E. Hinton"
"Dan Zhang, Anna Khoreva"
"Holden Lee, Oren Mangoubi, Nisheeth Vishnoi"
"Jian Wu, Peter Frazier"
"Zhiyong Yang, Qianqian Xu, Yangbangyan Jiang, Xiaochun Cao, Qingming Huang"
"Young Hun Jung, Ambuj Tewari"
"Marko Mitrovic, Ehsan Kazemi, Moran Feldman, Andreas Krause, Amin Karbasi"
"Shengchao Liu, Mehmet F. Demirel, Yingyu Liang"
"Benjamin Aubin, Bruno Loureiro, Antoine Maillard, Florent Krzakala, Lenka Zdeborová"
"Rong Ge, Sham M. Kakade, Rahul Kidambi, Praneeth Netrapalli"
"Jingjing Xu, Xu Sun, Zhiyuan Zhang, Guangxiang Zhao, Junyang Lin"
"Yang Song, Stefano Ermon"
"Dylan J. Foster, Spencer Greenberg, Satyen Kale, Haipeng Luo, Mehryar Mohri, Karthik Sridharan"
"Nixie S. Lesmana, Xuan Zhang, Xiaohui Bei"
"Ayan Chakrabarti, Benjamin Moseley"
"Alon Cohen, Avinatan Hassidim, Haim Kaplan, Yishay Mansour, Shay Moran"
"Rohan Gala, Nathan Gouwens, Zizhen Yao, Agata Budzillo, Osnat Penn, Bosiljka Tasic, Gabe Murphy, Hongkui Zeng, Uygar Sümbül"
"Lantao Yu, Tianhe Yu, Chelsea Finn, Stefano Ermon"
"Seppo Virtanen, Mark Girolami"
"Kevin Bello, Jean Honorio"
"Paul Rubenstein, Olivier Bousquet, Josip Djolonga, Carlos Riquelme, Ilya O. Tolstikhin"
"Yuzhe Ma, Xuezhou Zhang, Wen Sun, Jerry Zhu"
"Jerome Revaud, Cesar De Souza, Martin Humenberger, Philippe Weinzaepfel"
"Aliaksandr Siarohin, Stéphane Lathuilière, Sergey Tulyakov, Elisa Ricci, Nicu Sebe"
"Mikhail Yurochkin, Zhiwei Fan, Aritra Guha, Paraschos Koutris, XuanLong Nguyen"
"Rahma Chaabouni, Eugene Kharitonov, Emmanuel Dupoux, Marco Baroni"
"Shuyu Cheng, Yinpeng Dong, Tianyu Pang, Hang Su, Jun Zhu"
"Yiwei Liu, Jiamou Liu, Zijian Zhang, Liehuang Zhu, Angsheng Li"
"Mickaël Chen, Thierry Artières, Ludovic Denoyer"
"Yair Carmon, Aditi Raghunathan, Ludwig Schmidt, John C. Duchi, Percy S. Liang"
"Yunwen Lei, Peng Yang, Ke Tang, Ding-Xuan Zhou"
"Qian Qian, Xiaoyuan Qian"
"Qianqian Xu, Xinwei Sun, Zhiyong Yang, Xiaochun Cao, Qingming Huang, Yuan Yao"
"Can Qin, Haoxuan You, Lichen Wang, C.-C. Jay Kuo, Yun Fu"
"Bai Li, Changyou Chen, Wenlin Wang, Lawrence Carin"
"Jialin Wu, Raymond Mooney"
"Arsenii Vanunts, Alexey Drutsa"
"Prajit Ramachandran, Niki Parmar, Ashish Vaswani, Irwan Bello, Anselm Levskaya, Jon Shlens"
"Kolyan Ray, Botond Szabo"
"Bryon Aragam, Arash Amini, Qing Zhou"
"Yuan Liu, Zehong Shen, Zhixuan Lin, Sida Peng, Hujun Bao, Xiaowei Zhou"
"Ruiqi Gao, Tianle Cai, Haochuan Li, Cho-Jui Hsieh, Liwei Wang, Jason D. Lee"
"Nicki Skafte, Søren Hauberg"
"James Bailey, Georgios Piliouras"
"Vincent Chen, Sen Wu, Alexander J. Ratner, Jen Weng, Christopher Ré"
"Ilias Diakonikolas, Daniel Kane, Pasin Manurangsi"
"Ilias Diakonikolas, Themis Gouleakis, Christos Tzamos"
"Ruqi Zhang, Christopher M. De Sa"
"Virag Shah, Ramesh Johari, Jose Blanchet"
"Rafael Pinot, Laurent Meunier, Alexandre Araujo, Hisashi Kashima, Florian Yger, Cedric Gouy-Pailler, Jamal Atif"
"Sunil Thulasidasan, Gopinath Chennupati, Jeff A. Bilmes, Tanmoy Bhattacharya, Sarah Michalak"
"Min-hwan Oh, Garud Iyengar"
"Hugo Caselles-Dupré, Michael Garcia Ortiz, David Filliat"
"Sangwoo Mo, Chiheon Kim, Sungwoong Kim, Minsu Cho, Jinwoo Shin"
"Ting-Chun Wang, Ming-Yu Liu, Andrew Tao, Guilin Liu, Bryan Catanzaro, Jan Kautz"
"Michael Wick, swetasudha panda, Jean-Baptiste Tristan"
"Liwei Wu, Shuqing Li, Cho-Jui Hsieh, James L. Sharpnack"
"Joshua Allen, Bolin Ding, Janardhan Kulkarni, Harsha Nori, Olga Ohrimenko, Sergey Yekhanin"
"Yilun Du, Igor Mordatch"
"Roshan Rao, Nicholas Bhattacharya, Neil Thomas, Yan Duan, Peter Chen, John Canny, Pieter Abbeel, Yun Song"
"Andrei Nicolicioiu, Iulia Duta, Marius Leordeanu"
"Abraham Traore, Maxime Berar, Alain Rakotomamonjy"
"Sepehr Assadi, Eric Balkanski, Renato Leme"
"Hao Sun, Zhizhong Li, Xiaotong Liu, Bolei Zhou, Dahua Lin"
"Yaniv Blumenfeld, Dar Gilboa, Daniel Soudry"
"Cheng Tang"
"Qiangeng Xu, Weiyue Wang, Duygu Ceylan, Radomir Mech, Ulrich Neumann"
"Nima Hamidi, Mohsen Bayati, Kapil Gupta"
"Joshua Hanson, Maxim Raginsky"
"Kai Zheng, Haipeng Luo, Ilias Diakonikolas, Liwei Wang"
"Gregory Benton, Wesley J. Maddox, Jayson Salkey, Julio Albinati, Andrew Gordon Wilson"
"Takahiro Omi, naonori ueda, Kazuyuki Aihara"
"Lemeng Wu, Dilin Wang, Qiang Liu"
"Wenlin Wang, Chenyang Tao, Zhe Gan, Guoyin Wang, Liqun Chen, Xinyuan Zhang, Ruiyi Zhang, Qian Yang, Ricardo Henao, Lawrence Carin"
"Chengguang Xu, Ehsan Elhamifar"
"Rajat Sen, Hsiang-Fu Yu, Inderjit S. Dhillon"
"Quentin Bertrand, Mathurin Massias, Alexandre Gramfort, Joseph Salmon"
"Matthew Holland"
"Hadi Salman, Jerry Li, Ilya Razenshteyn, Pengchuan Zhang, Huan Zhang, Sebastien Bubeck, Greg Yang"
"Danfei Xu, Roberto Martín-Martín, De-An Huang, Yuke Zhu, Silvio Savarese, Li F. Fei-Fei"
"Junran Peng, Ming Sun, ZHAO-XIANG ZHANG, Tieniu Tan, Junjie Yan"
"Patrick Schwab, Walter Karlen"
"Ching-Yi Hung, Cheng-Hao Tu, Cheng-En Wu, Chien-Hung Chen, Yi-Ming Chan, Chu-Song Chen"
"Vasilis Syrgkanis, Victor Lei, Miruna Oprescu, Maggie Hei, Keith Battocchi, Greg Lewis"
"Zhiao Huang, Fangchen Liu, Hao Su"
"Miguel Vaquero, Jorge Cortes"
"Yujia Jin, Aaron Sidford"
"Raef Bassily, Vitaly Feldman, Kunal Talwar, Abhradeep Guha Thakurta"
"Sebastien Bubeck, Qijia Jiang, Yin-Tat Lee, Yuanzhi Li, Aaron Sidford"
"Nicolas Carion, Nicolas Usunier, Gabriel Synnaeve, Alessandro Lazaric"
"Shuo Yang, Yanyao Shen, Sujay Sanghavi"
"Kanthi Sarpatwar, Karthikeyan Shanmugam, Venkata Sitaramagiridharganesh Ganapavarapu, Ashish Jagmohan, Roman Vaculin"
"Chenyang Tao, Liqun Chen, Shuyang Dai, Junya Chen, Ke Bai, Dong Wang, Jianfeng Feng, Wenlian Lu, Georgiy Bobashev, Lawrence Carin"
"Harikrishna Narasimhan, Andrew Cotter, Maya Gupta"
"Fernando Gama, Alejandro Ribeiro, Joan Bruna"
"Marc Bellemare, Will Dabney, Robert Dadashi, Adrien Ali Taiga, Pablo Samuel Castro, Nicolas Le Roux, Dale Schuurmans, Tor Lattimore, Clare Lyle"
"Quanfu Fan, Chun-Fu (Richard) Chen, Hilde Kuehne, Marco Pistoia, David Cox"
"Simon S. Du, Yuping Luo, Ruosong Wang, Hanrui Zhang"
"Sebastian Tschiatschek, Ahana Ghosh, Luis Haug, Rati Devidze, Adish Singla"
"Zakaria Mhammedi, Peter Grünwald, Benjamin Guedj"
"Lorenzo Dall'Amico, Romain Couillet, Nicolas Tremblay"
"Yingxiang Yang, Haoxiang Wang, Negar Kiyavash, Niao He"
"Arun Verma, Manjesh Hanawal, Arun Rajkumar, Raman Sankaran"
"Rowan Zellers, Ari Holtzman, Hannah Rashkin, Yonatan Bisk, Ali Farhadi, Franziska Roesner, Yejin Choi"
"Amirhossein Reisizadeh, Hossein Taheri, Aryan Mokhtari, Hamed Hassani, Ramtin Pedarsani"
"Zehua Zhang, Chen Yu, David Crandall"
"Haohan Wang, Songwei Ge, Zachary Lipton, Eric P. Xing"
"Mark Bun, Thomas Steinke"
"Wenhao Yang, Xiang Li, Zhihua Zhang"
"Yu Qi, Bin Liu, Yueming Wang, Gang Pan"
"Ioannis Panageas, Georgios Piliouras, Xiao Wang"
"Vikas Garg, Tamar Pichkhadze"
"Julaiti Alafate, Yoav S. Freund"
"Shuyue Hu, Chin-wing Leung, Ho-fung Leung"
"Xiuyuan Lu, Benjamin Van Roy"
"Botao Hao, Yasin Abbasi Yadkori, Zheng Wen, Guang Cheng"
"Shashank Rajput, Hongyi Wang, Zachary Charles, Dimitris Papailiopoulos"
"Kareem Amin, Travis Dick, Alex Kulesza, Andres Munoz, Sergei Vassilvitskii"
"Satoshi Tsutsui, Yanwei Fu, David Crandall"
"Anton Bakhtin, Laurens van der Maaten, Justin Johnson, Laura Gustafson, Ross Girshick"
"Yunus Esencayi, Marco Gaboardi, Shi Li, Di Wang"
"Maksym Andriushchenko, Matthias Hein"
"Fan Zhou, Tengfei Li, Haibo Zhou, Hongtu Zhu, Ye Jieping"
"Yulia Rubanova, Ricky T. Q. Chen, David K. Duvenaud"
"Abi Komanduru, Jean Honorio"
"Andrew Stirn, Tony Jebara, David Knowles"
"Dylan J. Foster, Akshay Krishnamurthy, Haipeng Luo"
"Andrew Spielberg, Allan Zhao, Yuanming Hu, Tao Du, Wojciech Matusik, Daniela Rus"
"Xiaosong Zhang, Fang Wan, Chang Liu, Rongrong Ji, Qixiang Ye"
"Rachel Carrington, Karthik Bharath, Simon Preston"
"Alex Wang, Yada Pruksachatkun, Nikita Nangia, Amanpreet Singh, Julian Michael, Felix Hill, Omer Levy, Samuel Bowman"
"Yongkai Wu, Lu Zhang, Xintao Wu, Hanghang Tong"
"Daniel Russo"
"Yuxian Meng, Wei Wu, Fei Wang, Xiaoya Li, Ping Nie, Fan Yin, Muyu Li, Qinghong Han, Xiaofei Sun, Jiwei Li"
"Fabian Latorre, Armin eftekhari, Volkan Cevher"
"Edward De Brouwer, Jaak Simm, Adam Arany, Yves Moreau"
"Amin Karbasi, Hamed Hassani, Aryan Mokhtari, Zebang Shen"
"Maurice Weiler, Gabriele Cesa"
"Yu-Guan Hsieh, Franck Iutzeler, Jérôme Malick, Panayotis Mertikopoulos"
"Guannan Zhang, Jiaxin Zhang, Jacob Hinkle"
"Corinna Cortes, Mehryar Mohri, Dmitry Storcheus"
"Vincent LE GUEN, Nicolas THOME"
"Tao Sun, Yuejiao Sun, Dongsheng Li, Qing Liao"
"Rohith Kuditipudi, Xiang Wang, Holden Lee, Yi Zhang, Zhiyuan Li, Wei Hu, Rong Ge, Sanjeev Arora"
"Frederik Kunstner, Philipp Hennig, Lukas Balles"
"Deeksha Adil, Richard Peng, Sushant Sachdeva"
"John Bradshaw, Brooks Paige, Matt J. Kusner, Marwin Segler, José Miguel Hernández-Lobato"
"Saeed Mahloujifar, Xiao Zhang, Mohammad Mahmoody, David Evans"
"Fuwen Tan, Paola Cascante-Bonilla, Xiaoxiao Guo, Hui Wu, Song Feng, Vicente Ordonez"
"Yu Bai, Tengyang Xie, Nan Jiang, Yu-Xiang Wang"
"Alaa Maalouf, Ibrahim Jubran, Dan Feldman"
"Otilia Stretcu, Krishnamurthy Viswanathan, Dana Movshovitz-Attias, Emmanouil Platanios, Sujith Ravi, Andrew Tomkins"
"Bingzhe Wu, Shiwan Zhao, Chaochao Chen, Haoyang Xu, Li Wang, Xiaolu Zhang, Guangyu Sun, Jun Zhou"
"Stanislav Fort, Stanislaw Jastrzebski"
"Horia Mania, John Miller, Ludwig Schmidt, Moritz Hardt, Benjamin Recht"
"Liangpeng Zhang, Ke Tang, Xin Yao"
"Fan-Yun Sun, Meng Qu, Jordan Hoffmann, Chin-Wei Huang, Jian Tang"
"Nishant Subramani, Samuel Bowman, Kyunghyun Cho"
"Yihao Feng, Lihong Li, Qiang Liu"
"Nikolaos Ignatiadis, Stefan Wager"
"Yuan Cao, Quanquan Gu"
"Yi Xu, Rong Jin, Tianbao Yang"
"Bichuan Guo, Yuxing Han, Jiangtao Wen"
"Yaqin Zhou, Shangqing Liu, Jingkai Siow, Xiaoning Du, Yang Liu"
"Enrique Fita Sanmartin, Sebastian Damrich, Fred A. Hamprecht"
"Takuya Hiraoka, Takahisa Imagawa, Tatsuya Mori, Takashi Onishi, Yoshimasa Tsuruoka"
"Andrei Kulunchakov, Julien Mairal"
"Runzhe Yang, Xingyuan Sun, Karthik Narasimhan"
"Aymeric Dieuleveut, Kumar Kshitij Patel"
"Renato Negrinho, Matthew Gormley, Geoffrey J. Gordon, Darshan Patil, Nghia Le, Daniel Ferreira"
"Cheng Meng, Yuan Ke, Jingyi Zhang, Mengrui Zhang, Wenxuan Zhong, Ping Ma"
"Boris Knyazev, Graham W. Taylor, Mohamed Amer"
"Brian Cheung, Alexander Terekhov, Yubei Chen, Pulkit Agrawal, Bruno Olshausen"
"Maxim Kuznetsov, Daniil Polykovskiy, Dmitry P. Vetrov, Alex Zhebrak"
"Nicole Muecke, Gergely Neu, Lorenzo Rosasco"
"Magauiya Zhussip, Shakarim Soltanayev, Se Young Chun"
"Farnam Mansouri, Yuxin Chen, Ara Vartanian, Jerry Zhu, Adish Singla"
"Amir-massoud Farahmand"
"Jun Sun, Tianyi Chen, Georgios Giannakis, Zaiyue Yang"
"Mingming Gong, Yanwu Xu, Chunyuan Li, Kun Zhang, Kayhan Batmanghelich"
"Mark Herbster, James Robinson"
"XIA XIAO, Zigeng Wang, Sanguthevar Rajasekaran"
"Igor Gitman, Hunter Lang, Pengchuan Zhang, Lin Xiao"
"Shangtong Zhang, Shimon Whiteson"
"Matteo Turchetta, Felix Berkenkamp, Andreas Krause"
"Akihiro Kishimoto, Beat Buesser, Bei Chen, Adi Botea"
"Jiabin Liu, Bo Wang, Zhiquan Qi, YingJie Tian, Yong Shi"
"David Gamarnik, Julia Gaudio"
"Ruibo Tu, Kun Zhang, Bo Bertilson, Hedvig Kjellstrom, Cheng Zhang"
"Nicolas Carrara, Edouard Leurent, Romain Laroche, Tanguy Urvoy, Odalric-Ambrym Maillard, Olivier Pietquin"
"Anna Wigren, Riccardo Sven Risuleo, Lawrence Murray, Fredrik Lindsten"
"Tengyang Xie, Yifei Ma, Yu-Xiang Wang"
"Meena Jagadeesan"
"Jean-Bastien Grill, Omar Darwiche Domingues, Pierre Menard, Remi Munos, Michal Valko"
"Sergul Aydore, Tianhao Zhu, Dean P. Foster"
"Yukai Liu, Rose Yu, Stephan Zheng, Eric Zhan, Yisong Yue"
"Kevin Ellis, Maxwell Nye, Yewen Pu, Felix Sosa, Josh Tenenbaum, Armando Solar-Lezama"
"Yaniv Romano, Evan Patterson, Emmanuel Candes"
"Mark Rowland, Shayegan Omidshafiei, Karl Tuyls, Julien Perolat, Michal Valko, Georgios Piliouras, Remi Munos"
"Zhe Wang, Kaiyi Ji, Yi Zhou, Yingbin Liang, Vahid Tarokh"
"Zhilin Yang, Thang Luong, Russ R. Salakhutdinov, Quoc V. Le"
"Jonathan Lacotte, Mert Pilanci, Marco Pavone"
"Caroline Haimerl, Cristina Savin, Eero Simoncelli"
"Jinhao Dong, Tong Lin"
"Chhavi Yadav, Leon Bottou"
"Remi Cadene, Corentin Dancette, Hedi Ben younes, Matthieu Cord, Devi Parikh"
"Ruiyi Zhang, Tong Yu, Yilin Shen, Hongxia Jin, Changyou Chen"
"Andrea Celli, Alberto Marchesi, Tommaso Bianchi, Nicola Gatti"
"Ben Lengerich, Bryon Aragam, Eric P. Xing"
"Rodrigo Toro Icarte, Ethan Waldie, Toryn Klassen, Rick Valenzano, Margarita Castro, Sheila McIlraith"
"Himanshu Sahni, Toby Buckley, Pieter Abbeel, Ilya Kuzovkin"
"Gunpil Hwang, Seohyeon Kim, Hyeon-Min Bae"
"Robert Kleinberg, Kevin Leyton-Brown, Brendan Lucier, Devon Graham"
"Jean-Yves Franceschi, Aymeric Dieuleveut, Martin Jaggi"
"Natalia Neverova, David Novotny, Andrea Vedaldi"
"Huaian Diao, Zhao Song, David Woodruff, Xin Yang"
"Martin Trapp, Robert Peharz, Hong Ge, Franz Pernkopf, Zoubin Ghahramani"
"Tam Nguyen, Maximilian Dax, Chaithanya Kumar Mummadi, Nhung Ngo, Thi Hoai Phuong Nguyen, Zhongyu Lou, Thomas Brox"
"Kaiqing Zhang, Zhuoran Yang, Tamer Basar"
"Gilad Yehudai, Ohad Shamir"
"Simon Ramstedt, Chris Pal"
"Iryna Korshunova, Hanchen Xiong, Mateusz Fedoryszak, Lucas Theis"
"Edoardo Manino, Long Tran-Thanh, Nicholas Jennings"
"Charles Marx, Richard Phillips, Sorelle Friedler, Carlos Scheidegger, Suresh Venkatasubramanian"
"Lisha Chen, Hui Su, Qiang Ji"
"Ifigeneia Apostolopoulou, Scott Linderman, Kyle Miller, Artur Dubrawski"
"Ahmed M. Alaa, Mihaela van der Schaar"
"Qian Lou, Lei Jiang"
"Xiangyuan Zhang, Kaiqing Zhang, Erik Miehling, Tamer Basar"
"Florian Schaefer, Anima Anandkumar"
"Zhengyuan Zhou, Renyuan Xu, Jose Blanchet"
"Jianchun Chen, Lingjing Wang, Xiang Li, Yi Fang"
"Chenri Ni, Nontawat Charoenphakdee, Junya Honda, Masashi Sugiyama"
"Zhijian Liu, Haotian Tang, Yujun Lin, Song Han"
"Artem Sobolev, Dmitry P. Vetrov"
"Frederic Koehler"
"Xiangyi Chen, Sijia Liu, Kaidi Xu, Xingguo Li, Xue Lin, Mingyi Hong, David Cox"
"Mathias Perslev, Michael Jensen, Sune Darkner, Poul Jørgen Jennum, Christian Igel"
"Eunbyung Park, Junier B. Oliva"
"Zhizhou Ren, Kefan Dong, Yuan Zhou, Qiang Liu, Jian Peng"
"Matthew Fellows, Anuj Mahajan, Tim G. J. Rudner, Shimon Whiteson"
"Zeyuan Allen-Zhu, Yuanzhi Li"
"Clarice Poon, Jingwei Liang"
"Tatjana Chavdarova, Gauthier Gidel, François Fleuret, Simon Lacoste-Julien"
"Yiren Zhao, Xitong Gao, Daniel Bates, Robert Mullins, Cheng-Zhong Xu"
"Shinji Ito"
"Jaemin Yoo, Minyong Cho, Taebum Kim, U Kang"
"Paul Hand, Babhru Joshi"
"Junteng Jia, Austin R. Benson"
"Nathan Kallus, Masatoshi Uehara"
"Mohamed Belghazi, Maxime Oquab, David Lopez-Paz"
"Xiaoming Yu, Yuanqi Chen, Shan Liu, Thomas Li, Ge Li"
"Miika Aittala, Prafull Sharma, Lukas Murmann, Adam Yedidia, Gregory Wornell, Bill Freeman, Fredo Durand"
"Tristan Bepler, Ellen Zhong, Kotaro Kelley, Edward Brignole, Bonnie Berger"
"Abhinav Verma, Hoang Le, Yisong Yue, Swarat Chaudhuri"
"Basri Ronen, David Jacobs, Yoni Kasten, Shira Kritchman"
"Gonzalo Mena, Jonathan Niles-Weed"
"Shiyu Chang, Yang Zhang, Mo Yu, Tommi Jaakkola"
"Creighton Heaukulani, Mark van der Wilk"
"Tomasz Kuśmierczyk, Joseph Sakaya, Arto Klami"
"zengfeng Huang, Ziyue Huang, Yilei WANG, Ke Yi"
"Ben Eysenbach, Russ R. Salakhutdinov, Sergey Levine"
"Bulat Ibragimov, Gleb Gusev"
"Ziyu Wan, Dongdong Chen, Yan Li, Xingguang Yan, Junge Zhang, Yizhou Yu, Jing Liao"
"Adrian Rivera Cardoso, He Wang, Huan Xu"
"Xuanqing Liu, Si Si, Jerry Zhu, Yang Li, Cho-Jui Hsieh"
"Tomas Vaskevicius, Varun Kanade, Patrick Rebeschini"
"Ricky T. Q. Chen, Jens Behrmann, David K. Duvenaud, Joern-Henrik Jacobsen"
"Weiwei Liu"
"Florian Tramer, Dan Boneh"
"Horia Mania, Stephen Tu, Benjamin Recht"
"Dilin Wang, Ziyang Tang, Chandrajit Bajaj, Qiang Liu"
"James Jordon, Jinsung Yoon, Mihaela van der Schaar"
"Pavithra Prabhakar, Zahra Rahimi Afzal"
"Yao Fu, Yansong Feng, John P. Cunningham"
"Aadirupa Saha, Aditya Gopalan"
"Greg Yang"
"Hadrien Hendrikx, Francis Bach, Laurent Massoulié"
"Kristjan Greenewald, Dmitriy Katz, Karthikeyan Shanmugam, Sara Magliacane, Murat Kocaoglu, Enric Boix Adsera, Guy Bresler"
"Satoshi Hara, Atsushi Nitanda, Takanori Maehara"
"Niru Maheswaranathan, Alex Williams, Matthew Golub, Surya Ganguli, David Sussillo"
"Ali Razavi, Aaron van den Oord, Oriol Vinyals"
"Michael Janner, Justin Fu, Marvin Zhang, Sergey Levine"
"Andrew Cotter, Maya Gupta, Harikrishna Narasimhan"
"Sefi Bell-Kligler, Assaf Shocher, Michal Irani"
"Antreas Antoniou, Amos J. Storkey"
"Joshua Lee, Prasanna Sattigeri, Gregory Wornell"
"Ulysse Marteau-Ferey, Francis Bach, Alessandro Rudi"
"Eran Malach, Shai Shalev-Shwartz"
"Hoi-To Wai, Mingyi Hong, Zhuoran Yang, Zhaoran Wang, Kexin Tang"
"Yair Marom, Dan Feldman"
"Ligeng Zhu, Zhijian Liu, Song Han"
"Amir Najafi, Shin-ichi Maeda, Masanori Koyama, Takeru Miyato"
"Rémy Degenne, Wouter M. Koolen"
"Gabriele Farina, Chun Kai Ling, Fei Fang, Tuomas Sandholm"
"Vaden Masrani, Tuan Anh Le, Frank Wood"
"Edith Cohen, Ofir Geri"
"Chieh Wu, Jared Miller, Yale Chang, Mario Sznaier, Jennifer Dy"
"Kaidi Cao, Colin Wei, Adrien Gaidon, Nikos Arechiga, Tengyu Ma"
"Jingjing Wang, Sun Sun, Yaoliang Yu"
"Michalis Titsias, Petros Dellaportas"
"Zeyuan Allen-Zhu, Yuanzhi Li, Yingyu Liang"
"Dheeraj Baby, Yu-Xiang Wang"
"Ryoma Sato, Makoto Yamada, Hisashi Kashima"
"Jiawang Bian, Zhichao Li, Naiyan Wang, Huangying Zhan, Chunhua Shen, Ming-Ming Cheng, Ian Reid"
"Zongsheng Yue, Hongwei Yong, Qian Zhao, Deyu Meng, Lei Zhang"
"Fariba Yousefi, Michael T. Smith, Mauricio Álvarez"
"Alexander Trott, Stephan Zheng, Caiming Xiong, Richard Socher"
"Nishal Shah, Sasidhar Madugula, Pawel Hottowy, Alexander Sher, Alan Litke, Liam Paninski, E.J. Chichilnisky"
"Arash Ardakani, Zhengyun Ji, Amir Ardakani, Warren Gross"
"Sharon Zhou, Mitchell Gordon, Ranjay Krishna, Austin Narcomey, Li F. Fei-Fei, Michael Bernstein"
"Rui (Ray) Zhang, Xingwu Liu, Yuyi Wang, Liwei Wang"
"Santosh Vempala, Andre Wibisono"
"Jaehyeok Shin, Aaditya Ramdas, Alessandro Rinaldo"
"Shuang Li, Gongguo Tang, Michael B. Wakin"
"Xiao Sun, Jungwook Choi, Chia-Yu Chen, Naigang Wang, Swagath Venkataramani, Vijayalakshmi (Viji) Srinivasan, Xiaodong Cui, Wei Zhang, Kailash Gopalakrishnan"
"Chulhee Yun, Suvrit Sra, Ali Jadbabaie"
"Yue Wang, Ziyu Jiang, Xiaohan Chen, Pengfei Xu, Yang Zhao, Yingyan Lin, Zhangyang Wang"
"Simon S. Du, Kangcheng Hou, Russ R. Salakhutdinov, Barnabas Poczos, Ruosong Wang, Keyulu Xu"
"Baoxiang Wang, Nidhi Hegde"
"Zhiting Hu, Bowen Tan, Russ R. Salakhutdinov, Tom M. Mitchell, Eric P. Xing"
"Ho Chung Law, Peilin Zhao, Leung Sing Chan, Junzhou Huang, Dino Sejdinovic"
"Jiatao Gu, Changhan Wang, Junbo Zhao"
"Chi Zhang, Baoxiong Jia, Feng Gao, Yixin Zhu, HongJing Lu, Song-Chun Zhu"
"Shiyang Li, Xiaoyong Jin, Yao Xuan, Xiyou Zhou, Wenhu Chen, Yu-Xiang Wang, Xifeng Yan"
"Minne Li, Lisheng Wu, Jun WANG, Haitham Bou Ammar"
"Maxence Ernoult, Julie Grollier, Damien Querlioz, Yoshua Bengio, Benjamin Scellier"
"Nika Haghtalab, Cameron Musco, Bo Waggoner"
"Zeyuan Allen-Zhu, Yuanzhi Li"
"Simao Herdade, Armin Kappeler, Kofi Boakye, Joao Soares"
"Kundan Kumar, Rithesh Kumar, Thibault de Boissiere, Lucas Gestin, Wei Zhen Teoh, Jose Sotelo, Alexandre de Brébisson, Yoshua Bengio, Aaron C. Courville"
"Pei Wang, Nuno Nvasconcelos"
"Liyuan Xu, Junya Honda, Gang Niu, Masashi Sugiyama"
"Pier Giuseppe Sessa, Ilija Bogunovic, Maryam Kamgarpour, Andreas Krause"
"Xi Lin, Hui-Ling Zhen, Zhenhua Li, Qing-Fu Zhang, Sam Kwong"
"Yitian Yuan, Lin Ma, Jingwen Wang, Wei Liu, Wenwu Zhu"
"Virginia Aglietti, Edwin V. Bonilla, Theodoros Damoulas, Sally Cripps"
"Weizhe Hua, Yuan Zhou, Christopher M. De Sa, Zhiru Zhang, G. Edward Suh"
"Peilin Zhong, Yuchen Mo, Chang Xiao, Pengyu Chen, Changxi Zheng"
"Gautam Kamath, Or Sheffet, Vikrant Singhal, Jonathan Ullman"
"Paulina Grnarova, Kfir Y. Levy, Aurelien Lucchi, Nathanael Perraudin, Ian Goodfellow, Thomas Hofmann, Andreas Krause"
"Mohammad Reza Keshtkaran, Chethan Pandarinath"
"Lukas Hoyer, Mauricio Munoz, Prateek Katiyar, Anna Khoreva, Volker Fischer"
"Tharun Kumar Reddy Medini, Qixuan Huang, Yiqiu Wang, Vijai Mohan, Anshumali Shrivastava"
"Yu-Chia Chen, Marina Meila"
"Yangbangyan Jiang, Qianqian Xu, Zhiyong Yang, Xiaochun Cao, Qingming Huang"
"Difan Zou, Quanquan Gu"
"Adil SALIM, Dmitry Kovalev, Peter Richtarik"
"Santiago Balseiro, Negin Golrezaei, Mohammad Mahdian, Vahab Mirrokni, Jon Schneider"
"Sungbin Lim, Ildoo Kim, Taesup Kim, Chiheon Kim, Sungwoong Kim"
"Tao Tu, John Paisley, Stefan Haufe, Paul Sajda"
"Chuang Wang, Hong Hu, Yue Lu"
"Dong Liu, Haochen Zhang, Zhiwei Xiong"
"Yair Carmon, Yujia Jin, Aaron Sidford, Kevin Tian"
"Hanzhang Hu, John Langford, Rich Caruana, Saurajit Mukherjee, Eric J. Horvitz, Debadeepta Dey"
"Siqi Wang, Yijie Zeng, Xinwang Liu, En Zhu, Jianping Yin, Chuanfu Xu, Marius Kloft"
"Emmanouil-Vasileios Vlatakis-Gkaragkounis, Lampros Flokas, Georgios Piliouras"
"Raphael Townshend, Rishi Bedi, Patricia Suriana, Ron Dror"
"David Eriksson, Michael Pearce, Jacob Gardner, Ryan D. Turner, Matthias Poloczek"
"Boyi Li, Felix Wu, Kilian Q. Weinberger, Serge Belongie"
"Atilim Gunes Baydin, Lei Shao, Wahid Bhimji, Lukas Heinrich, Saeid Naderiparizi, Andreas Munk, Jialin Liu, Bradley Gram-Hansen, Gilles Louppe, Lawrence Meadows, Philip Torr, Victor Lee, Kyle Cranmer, Mr. Prabhat, Frank Wood"
"Yingying Li, Xin Chen, Na Li"
"Denis Mazur, Vage Egiazarian, Stanislav Morozov, Artem Babenko"
"Jie Ding, Robert Calderbank, Vahid Tarokh"
"Qiming ZHANG, Jing Zhang, Wei Liu, Dacheng Tao"
"Vighnesh Shiv, Chris Quirk"
"Spencer Frei, Yuan Cao, Quanquan Gu"
"Hongteng Xu, Dixin Luo, Lawrence Carin"
"Daniel Brooks, Olivier Schwander, Frederic Barbaresco, Jean-Yves Schneider, Matthieu Cord"
"Yan Zhang, Jonathon Hare, Adam Prugel-Bennett"
"Ben Sorscher, Gabriel Mel, Surya Ganguli, Samuel Ocko"
"Cassidy Laidlaw, Soheil Feizi"
"Miao Zhang, Jingjing Li, JI WEI, Yongri Piao, Huchuan Lu"
"Valerio Perrone, Huibin Shen, Matthias W. Seeger, Cedric Archambeau, Rodolphe Jenatton"
"Shibani Santurkar, Andrew Ilyas, Dimitris Tsipras, Logan Engstrom, Brandon Tran, Aleksander Madry"
"Sujoy Paul, Jeroen Vanbaar, Amit Roy-Chowdhury"
"Ankesh Anand, Evan Racah, Sherjil Ozair, Yoshua Bengio, Marc-Alexandre Côté, R Devon Hjelm"
"Gregory Farquhar, Shimon Whiteson, Jakob Foerster"
"Yujia Xie, Haoming Jiang, Feng Liu, Tuo Zhao, Hongyuan Zha"
"Alon Gonen, Elad Hazan, Shay Moran"
"Zhe Li, Wieland Brendel, Edgar Walker, Erick Cobos, Taliah Muhammad, Jacob Reimer, Matthias Bethge, Fabian Sinz, Zachary Pitkow, Andreas Tolias"
"Ayoub Belhadji, Rémi Bardenet, Pierre Chainais"
"Xiao Li, Yu Wang, Sumanta Basu, Karl Kumbier, Bin Yu"
"David Clark, Jesse Livezey, Kristofer Bouchard"
"Yang Song, Chenlin Meng, Stefano Ermon"
"Gedas Bertasius, Christoph Feichtenhofer, Du Tran, Jianbo Shi, Lorenzo Torresani"
"ravichandra addanki, Shaileshh Bojja Venkatakrishnan, Shreyan Gupta, Hongzi Mao, Mohammad Alizadeh"
"Negin Golrezaei, Adel Javanmard, Vahab Mirrokni"
"Vrettos Moulos"
"Zhengdao Chen, Soledad Villar, Lei Chen, Joan Bruna"
"Jie Hu, Rongrong Ji, ShengChuan Zhang, Xiaoshuai Sun, Qixiang Ye, Chia-Wen Lin, Qi Tian"
"Yogev Bar-On, Yishay Mansour"
"Sumith Kulal, Panupong Pasupat, Kartik Chandra, Mina Lee, Oded Padon, Alex Aiken, Percy S. Liang"
"Chen Tessler, Guy Tennenholtz, Shie Mannor"
"Sajin Sasy, Olga Ohrimenko"
"Alexey Ignatiev, Nina Narodytska, Joao Marques-Silva"
"Aditya Bhaskara, Sharvaree Vadgama, Hong Xu"
"Nima Dehmamy, Albert-Laszlo Barabasi, Rose Yu"
"Natasa Tagasovska, David Lopez-Paz"
"Nathan Kallus, Angela Zhou"
"Rui Zhang, Hanghang Tong"
"Matteo Togninalli, Elisabetta Ghisu, Felipe Llinares-López, Bastian Rieck, Karsten Borgwardt"
"Jianlong Chang, xinbang zhang, Yiwen Guo, GAOFENG MENG, SHIMING XIANG, Chunhong Pan"
"Sariel Har-Peled, Sepideh Mahabadi"
"Yifeng Fan, Tingran Gao, Zhizhen Jane Zhao"
"Supratik Paul, Vitaly Kurin, Shimon Whiteson"
"Zhiqing Sun, Zhuohan Li, Haoqing Wang, Di He, Zi Lin, Zhihong Deng"
"Christopher Criscitiello, Nicolas Boumal"
"Jianghong Shi, Eric Shea-Brown, Michael Buice"
"Mariya Toneva, Leila Wehbe"
"Ali Shafahi, Mahyar Najibi, Mohammad Amin Ghiasi, Zheng Xu, John Dickerson, Christoph Studer, Larry S. Davis, Gavin Taylor, Tom Goldstein"
"Chundi Liu, Guangwei Yu, Maksims Volkovs, Cheng Chang, Himanshu Rai, Junwei Ma, Satya Krishna Gorti"
"Lixin Fan, Kam Woh Ng, Chee Seng Chan"
"Charles Corbière, Nicolas THOME, Avner Bar-Hen, Matthieu Cord, Patrick Pérez"
"Nikita Ivkin, Daniel Rothchild, Enayat Ullah, Vladimir braverman, Ion Stoica, Raman Arora"
"Rui Li"
"Bo Dai, Zhen Liu, Hanjun Dai, Niao He, Arthur Gretton, Le Song, Dale Schuurmans"
"Xueru Zhang, Mohammadmahdi Khaliligarekani, Cem Tekin, mingyan liu"
"Don Dennis, Durmus Alp Emre Acar, Vikram Mandikal, Vinu Sankar Sadasivan, Venkatesh Saligrama, Harsha Vardhan Simhadri, Prateek Jain"
"Ricky T. Q. Chen, David K. Duvenaud"
"Tianyi Liu, Minshuo Chen, Mo Zhou, Simon S. Du, Enlu Zhou, Tuo Zhao"
"Brian Axelrod, Ilias Diakonikolas, Alistair Stewart, Anastasios Sidiropoulos, Gregory Valiant"
"Amirata Ghorbani, James Wexler, James Y. Zou, Been Kim"
"Jonas Kubilius, Martin Schrimpf, Kohitij Kar, Rishi Rajalingham, Ha Hong, Najib Majaj, Elias Issa, Pouya Bashivan, Jonathan Prescott-Roy, Kailyn Schmidt, Aran Nayebi, Daniel Bear, Daniel L. Yamins, James J. DiCarlo"
"Ximing Qiao, Yukun Yang, Hai Li"
"Sanchit Kalhan, Konstantin Makarychev, Timothy Zhou"
"Naman Agarwal, Elad Hazan, Karan Singh"
"Ian Char, Youngseog Chung, Willie Neiswanger, Kirthevasan Kandasamy, Andrew Oakleigh Nelson, Mark Boyer, Egemen Kolemen, Jeff Schneider"
"Atsutoshi Kumagai, Tomoharu Iwata, Yasuhiro Fujiwara"
"Marin Biloš, Bertrand Charpentier, Stephan Günnemann"
"Chuan Guo, Ali Mousavi, Xiang Wu, Daniel N. Holtmann-Rice, Satyen Kale, Sashank Reddi, Sanjiv Kumar"
"Digvijay Boob, Saurabh Sawlani, Di Wang"
"Hengyuan Hu, Denis Yarats, Qucheng Gong, Yuandong Tian, Mike Lewis"
"Mathieu Blondel"
"Youssef Mroueh, Tom Sercu, Mattia Rigotti, Inkit Padhi, Cicero Nogueira dos Santos"
"Ashia C. Wilson, Lester Mackey, Andre Wibisono"
"Xiyang Liu, Sewoong Oh"
"Ghassen Jerfel, Erin Grant, Tom Griffiths, Katherine A. Heller"
"Conor Durkan, Artur Bekasov, Iain Murray, George Papamakarios"
"Yaqi Xie, Ziwei Xu, Mohan S. Kankanhalli, Kuldeep S Meel, Harold Soh"
"Xiangyu Zheng, Song Xi Chen"
"Trevor Campbell, Boyan Beronov"
"Andrew Bennett, Nathan Kallus"
"Hsin-Ying Lee, Xiaodong Yang, Ming-Yu Liu, Ting-Chun Wang, Yu-Ding Lu, Ming-Hsuan Yang, Jan Kautz"
"Alexej Klushyn, Nutan Chen, Richard Kurle, Botond Cseke, Patrick van der Smagt"
"Xuechen Li, Yi Wu, Lester Mackey, Murat A. Erdogdu"
"Roman Beliy, Guy Gaziv, Assaf Hoogi, Francesca Strappini, Tal Golan, Michal Irani"
"Boxin Zhao, Y. Samuel Wang, Mladen Kolar"
"Wei Wang, Zheng Dang, Yinlin Hu, Pascal Fua, Mathieu Salzmann"
"Andrey Malinin, Mark Gales"
"Shuangfei Zhai, Walter Talbott, Carlos Guestrin, Joshua Susskind"
"James Lucas, George Tucker, Roger B. Grosse, Mohammad Norouzi"
"Kevin Liang, Guoyin Wang, Yitong Li, Ricardo Henao, Lawrence Carin"
"Zhao Song, Ruosong Wang, Lin Yang, Hongyang Zhang, Peilin Zhong"
"Gaël Letarte, Pascal Germain, Benjamin Guedj, Francois Laviolette"
"Ke Li, Tianhao Zhang, Jitendra Malik"
"Daniel McDuff, Shuang Ma, Yale Song, Ashish Kapoor"
"Sebastian Mair, Ulf Brefeld"
"Sushrut Karmalkar, Adam Klivans, Pravesh Kothari"
"Shagun Ajmera, Shreya Rajagopal, Razi Rehman, Devarajan Sridharan"
"Juyeon Heo, Sunghwan Joo, Taesup Moon"
"Chenjun Xiao, Ruitong Huang, Jincheng Mei, Dale Schuurmans, Martin Müller"
"Yi Hao, Alon Orlitsky"
"Yunji Kim, Seonghyeon Nam, In Cho, Seon Joo Kim"
"Xiaoyi Gu, Leman Akoglu, Alessandro Rinaldo"
"Suraj Srinivas, François Fleuret"
"Lin Song, Yanwei Li, Zeming Li, Gang Yu, Hongbin Sun, Jian Sun, Nanning Zheng"
"Kirill Neklyudov, Evgenii Egorov, Dmitry P. Vetrov"
"Chen Dan, Hong Wang, Hongyang Zhang, Yuchen Zhou, Pradeep K. Ravikumar"
"Shuai Zheng, Ziyue Huang, James Kwok"
"Lingxiao Huang, Shaofeng Jiang, Nisheeth Vishnoi"
"Dinghuai Zhang, Tianyuan Zhang, Yiping Lu, Zhanxing Zhu, Bin Dong"
"Pascale Gourdeau, Varun Kanade, Marta Kwiatkowska, James Worrell"
"Carlos Riquelme, Hugo Penedones, Damien Vincent, Hartmut Maennel, Sylvain Gelly, Timothy A. Mann, Andre Barreto, Gergely Neu"
"Siyuan Li, Rui Wang, Minxue Tang, Chongjie Zhang"
"Peter Anderson, Ayush Shrivastava, Devi Parikh, Dhruv Batra, Stefan Lee"
"Junzhe Zhang, Elias Bareinboim"
"Dror Simon, Michael Elad"
"Justin Domke, Daniel R. Sheldon"
"Tao Yu, Christopher M. De Sa"
"Syrine Belakaria, Aryan Deshwal, Janardhan Rao Doppa"
"Gauri Jagatap, Chinmay Hegde"
"Matthieu Jedor, Vianney Perchet, Jonathan Louedec"
"Meng Fang, Tianyi Zhou, Yali Du, Lei Han, Zhengyou Zhang"
"Jathushan Rajasegaran, Munawar Hayat, Salman H. Khan, Fahad Shahbaz Khan, Ling Shao"
"Mohammad Sadegh Talebi, Odalric-Ambrym Maillard"
"Taewan Kim, Joydeep Ghosh"
"Soeren Laue, Matthias Mitterreiter, Joachim Giesen"
"Stephan Rabanser, Stephan Günnemann, Zachary Lipton"
"Antonio Orvieto, Aurelien Lucchi"
"Minmin Chen, Ramki Gummadi, Chris Harris, Dale Schuurmans"
"Philip Paquette, Yuchen Lu, SETON STEVEN BOCCO, Max Smith, Satya O.-G., Jonathan K. Kummerfeld, Joelle Pineau, Satinder Singh, Aaron C. Courville"
"Robert Pinsler, Jonathan Gordon, Eric Nalisnick, José Miguel Hernández-Lobato"
"Aaron Defazio, Leon Bottou"
"Sindy Löwe, Peter O'Connor, Bastiaan Veeling"
"Elliot Meyerson, Risto Miikkulainen"
"David Martínez-Rubio, Varun Kanade, Patrick Rebeschini"
"Chris Wendler, Markus Püschel, Dan Alistarh"
"Yaniv Ovadia, Emily Fertig, Jie Ren, Zachary Nado, D. Sculley, Sebastian Nowozin, Joshua Dillon, Balaji Lakshminarayanan, Jasper Snoek"
"Erwan Lecarpentier, Emmanuel Rachelson"
"Su Jia, viswanath nagarajan, Fatemeh Navidi, R Ravi"
"Amit Daniely, Elad Granot"
"Dushyant Rao, Francesco Visin, Andrei Rusu, Razvan Pascanu, Yee Whye Teh, Raia Hadsell"
"Mehmet Fatih Sahin, Armin eftekhari, Ahmet Alacaoglu, Fabian Latorre, Volkan Cevher"
"Yuan Deng, Sébastien Lahaie, Vahab Mirrokni"
"Charlie Tang, Russ R. Salakhutdinov"
"Srinath Sridhar, Davis Rempe, Julien Valentin, Bouaziz Sofien, Leonidas J. Guibas"
"Sobhan Miryoosefi, Kianté Brantley, Hal Daume III, Miro Dudik, Robert E. Schapire"
"Colin Wei, Jason D. Lee, Qiang Liu, Tengyu Ma"
"Farnood Salehi, William Trouleau, Matthias Grossglauser, Patrick Thiran"
"Yann N. Dauphin, Samuel Schoenholz"
"Aditya Sharad Golatkar, Alessandro Achille, Stefano Soatto"
"Ke Wang, Hang Hua, Xiaojun Wan"
"Wieland Brendel, Jonas Rauber, Matthias Kümmerer, Ivan Ustyuzhaninov, Matthias Bethge"
"Ali Kavis, Kfir Y. Levy, Francis Bach, Volkan Cevher"
"Krzysztof M. Choromanski, Aldo Pacchiano, Jack Parker-Holder, Yunhao Tang, Vikas Sindhwani"
"Soumya Basu, Rajat Sen, Sujay Sanghavi, Sanjay Shakkottai"
"Chao Qu, Shie Mannor, Huan Xu, Yuan Qi, Le Song, Junwu Xiong"
"Pratyusha Sharma, Deepak Pathak, Abhinav Gupta"
"Yilun Xu, Peng Cao, Yuqing Kong, Yizhou Wang"
"Tianyu Guo, Chang Xu, Boxin Shi, Chao Xu, Dacheng Tao"
"Aming Wu, Linchao Zhu, Yahong Han, Yi Yang"
"Wasim Huleihel, Arya Mazumdar, Muriel Medard, Soumyabrata Pal"
"Akinori Tanaka"
"Mikhail Yurochkin, Sebastian Claici, Edward Chien, Farzaneh Mirzazadeh, Justin M. Solomon"
"David Novotny, Ben Graham, Jeremy Reizenstein"
"Yuan Deng, Jon Schneider, Balasubramanian Sivan"
"Tanner Fiez, Lalit Jain, Kevin G. Jamieson, Lillian Ratliff"
"Bryan Wilder, Eric Ewing, Bistra Dilkina, Milind Tambe"
"Pan Zhou, Xiaotong Yuan, Huan Xu, Shuicheng Yan, Jiashi Feng"
"Ruichu Cai, Feng Xie, Clark Glymour, Zhifeng Hao, Kun Zhang"
"Meelis Kull, Miquel Perello Nieto, Markus Kängsepp, Telmo Silva Filho, Hao Song, Peter Flach"
"Shuo Chen, Lei Luo, Jian Yang, Chen Gong, Jun Li, Heng Huang"
"Hao(Jackson) Cui, Roni Khardon"
"Ehsan Amid, Manfred K. K. Warmuth, Rohan Anil, Tomer Koren"
"Eduard Eiben, Robert Ganian, Iyad Kanj, Stefan Szeider"
"Rémy Degenne, Wouter M. Koolen, Pierre Ménard"
"Kristof Meding, Dominik Janzing, Bernhard Schölkopf, Felix A. Wichmann"
"Nikolas Ioannou, Celestine Mendler-Dünner, Thomas Parnell"
"Alex Lamy, Ziyuan Zhong, Aditya K. Menon, Nakul Verma"
"Rakshith Sharma Srinivasa, Kiryung Lee, Marius Junge, Justin Romberg"
"Gamaleldin Elsayed, Simon Kornblith, Quoc V. Le"
"Maryam Aliakbarpour, Ilias Diakonikolas, Daniel Kane, Ronitt Rubinfeld"
"Yichao Zhou, Haozhi Qi, Jingwei Huang, Yi Ma"
"Jayadev Acharya, Sourbh Bhadane, Piotr Indyk, Ziteng Sun"
"Ruidi Chen, Ioannis Paschalidis"
"Xu Wang, Jingming He, Lin Ma"
"Weijiang Yu, Jingwen Zhou, Weihao Yu, Xiaodan Liang, Nong Xiao"
"Rohan Anil, Vineet Gupta, Tomer Koren, Yoram Singer"
"Ryan J. Tibshirani, Rina Foygel Barber, Emmanuel Candes, Aaditya Ramdas"
"Claudia Shi, David Blei, Victor Veitch"
"Vikas Garg, Tommi Jaakkola"
"Se-Young Yun, Alexandre Proutiere"
"Karlis Freivalds, Emīls Ozoliņš, Agris Šostaks"
"Benjamin Planche, Xuejian Rong, Ziyan Wu, Srikrishna Karanam, Harald Kosch, YingLi Tian, Jan Ernst, ANDREAS HUTTER"
"Matthew Sotoudeh, Aditya V. Thakur"
"Harald Steck"
"Andrea Zanette, Alessandro Lazaric, Mykel J. Kochenderfer, Emma Brunskill"
"Frank Ban, David Woodruff, Richard Zhang"
"Sandeep Kumar, Jiaxi Ying, Jose Vinicius de Miranda Cardoso, Daniel Palomar"
"Michael Zhang, James Lucas, Jimmy Ba, Geoffrey E. Hinton"
"Jack Serrino, Max Kleiman-Weiner, David C. Parkes, Josh Tenenbaum"
"Difan Zou, Ziniu Hu, Yewen Wang, Song Jiang, Yizhou Sun, Quanquan Gu"
"Shikun Liu, Andrew Davison, Edward Johns"
"Anish Agarwal, Devavrat Shah, Dennis Shen, Dogyoon Song"
"Shreyas Saxena, Oncel Tuzel, Dennis DeCoste"
"Ting-I Hsieh, Yi-Chen Lo, Hwann-Tzong Chen, Tyng-Luh Liu"
"Julian Zimmert, Tor Lattimore"
"Xiaobo Xia, Tongliang Liu, Nannan Wang, Bo Han, Chen Gong, Gang Niu, Masashi Sugiyama"
"Linfeng Zhang, Zhanhong Tan, Jiebo Song, Jingwei Chen, Chenglong Bao, Kaisheng Ma"
"Paroma Varma, Frederic Sala, Shiori Sagawa, Jason Fries, Daniel Fu, Saelig Khattar, Ashwini Ramamoorthy, Ke Xiao, Kayvon Fatahalian, James Priest, Christopher Ré"
"Andy Shih, Guy Van den Broeck, Paul Beame, Antoine Amarilli"
"Lingrui Gan, Xinming Yang, Naveen Narisetty, Feng Liang"
"Joan Serrà, Santiago Pascual, Carlos Segura Perales"
"Michael Arbel, Anna Korba, Adil SALIM, Arthur Gretton"
"Pim de Haan, Dinesh Jayaraman, Sergey Levine"
"Yair Bartal, Nova Fandina, Ofer Neiman"
"Xue Bin Peng, Michael Chang, Grace Zhang, Pieter Abbeel, Sergey Levine"
"Aaron Voelker, Ivana Kajić, Chris Eliasmith"
"Andreas Kirsch, Joost van Amersfoort, Yarin Gal"
"Pedro Mercado, Francesco Tudisco, Matthias Hein"
"Jonathan Ullman, Adam Sealfon"
"Mokhtar Z. Alaya, Maxime Berar, Gilles Gasso, Alain Rakotomamonjy"
"Thomas Lucas, Konstantin Shmelkov, Karteek Alahari, Cordelia Schmid, Jakob Verbeek"
"Heliang Zheng, Jianlong Fu, Zheng-Jun Zha, Jiebo Luo"
"Thomas PIERROT, Guillaume Ligner, Scott E. Reed, Olivier Sigaud, Nicolas Perrin, Alexandre Laterre, David Kas, Karim Beguir, Nando de Freitas"
"Mahyar Fazlyab, Alexander Robey, Hamed Hassani, Manfred Morari, George Pappas"
"Samuel Ainsworth, Matt Barnes, Siddhartha Srinivasa"
"Ning Miao, Hao Zhou, Chengqi Zhao, Wenxian Shi, Lei Li"
"Rishidev Chaudhuri, Ila Fiete"
"Zichuan Lin, Li Zhao, Derek Yang, Tao Qin, Tie-Yan Liu, Guangwen Yang"
"Zhuoran Yang, Yongxin Chen, Mingyi Hong, Zhaoran Wang"
"Jun Yang, Shengyang Sun, Daniel M. Roy"
"Rixon Crane, Fred Roosta"
"Boris Hanin, David Rolnick"
"Mark Bun, Gautam Kamath, Thomas Steinke, Steven Z. Wu"
"Andrei Barbu, David Mayo, Julian Alverio, William Luo, Christopher Wang, Dan Gutfreund, Josh Tenenbaum, Boris Katz"
"Enrique Sanchez, Georgios Tzimiropoulos"
"Yu Sun, Jiaming Liu, Ulugbek Kamilov"
"Qi Cai, Zhuoran Yang, Jason D. Lee, Zhaoran Wang"
"Blake Mason, Ardhendu Tripathy, Robert Nowak"
"Chi Han, Jiayuan Mao, Chuang Gan, Josh Tenenbaum, Jiajun Wu"
"Vladimir V. Kniaz, Vladimir Knyaz, Fabio Remondino"
"Jonathan Sauder, Bjarne Sievers"
"Ilias Diakonikolas, Daniel Kane, Sushrut Karmalkar, Eric Price, Alistair Stewart"
"Cagatay Yildiz, Markus Heinonen, Harri Lahdesmaki"
"Muhammad Muzammal Naseer, Salman H. Khan, Muhammad Haris Khan, Fahad Shahbaz Khan, Fatih Porikli"
"Chao Tao, Saúl Blanco, Jian Peng, Yuan Zhou"
"Ciara Pike-Burke, Steffen Grunewalder"
"Li Kevin Wenliang, Maneesh Sahani"
"Noga Alon, Raef Bassily, Shay Moran"
"Pan Li, I Chien, Olgica Milenkovic"
"Matthew Schlegel, Wesley Chung, Daniel Graves, Jian Qian, Martha White"
"Leonidas J. Guibas, Qixing Huang, Zhenxiao Liang"
"Nathaniel Lahn, Deepika Mulchandani, Sharath Raghvendra"
"Sumeet Katariya, Ardhendu Tripathy, Robert Nowak"
"Ronald Ortner, Matteo Pirotta, Alessandro Lazaric, Ronan Fruit, Odalric-Ambrym Maillard"
"Rob Brekelmans, Daniel Moyer, Aram Galstyan, Greg Ver Steeg"
"Jiong Zhang, Hsiang-Fu Yu, Inderjit S. Dhillon"
"Lars Maaløe, Marco Fraccaro, Valentin Liévin, Ole Winther"
"Miaoyan Wang, Yuchen Zeng"
"Wang-Zhou Dai, Qiuling Xu, Yang Yu, Zhi-Hua Zhou"
"Fuhai Chen, Rongrong Ji, Jiayi Ji, Xiaoshuai Sun, Baochang Zhang, Xuri Ge, Yongjian Wu, Feiyue Huang, Yan Wang"
"Melikasadat Emami, Mojtaba Sahraee Ardakan, Sundeep Rangan, Alyson K. Fletcher"
"Koen Helwegen, James Widdicombe, Lukas Geiger, Zechun Liu, Kwang-Ting Cheng, Roeland Nusselder"
"Siqi Liu, Milos Hauskrecht"
"Antonio Orvieto, Aurelien Lucchi"
"Akshay Agrawal, Brandon Amos, Shane Barratt, Stephen Boyd, Steven Diamond, J. Zico Kolter"
"Mejbah Alam, Justin Gottschlich, Nesime Tatbul, Javier S. Turek, Tim Mattson, Abdullah Muzahid"
"Théo Ryffel, David Pointcheval, Francis Bach, Edouard Dufour-Sans, Romain Gay"
"Seongjun Yun, Minbyul Jeong, Raehyun Kim, Jaewoo Kang, Hyunwoo J. Kim"
"Giancarlo Kerg, Kyle Goyette, Maximilian Puelma Touzel, Gauthier Gidel, Eugene Vorontsov, Yoshua Bengio, Guillaume Lajoie"
"Guillaume Lample, Alexandre Sablayrolles, Marc'Aurelio Ranzato, Ludovic Denoyer, Herve Jegou"
"Eugene Ndiaye, Ichiro Takeuchi"
"Ronghui You, Zihan Zhang, Ziye Wang, Suyang Dai, Hiroshi Mamitsuka, Shanfeng Zhu"
"Ashudeep Singh, Thorsten Joachims"
"Zihan Zhang, Xiangyang Ji"
"Emiel Hoogeboom, Jorn Peters, Rianne van den Berg, Max Welling"
"Justin Cosentino, Jun Zhu"
"Jessica Finocchiaro, Rafael Frongillo, Bo Waggoner"
"Ryo Karakida, Shotaro Akaho, Shun-ichi Amari"
"Ping Li, Xiaoyun Li, Cun-Hui Zhang"
"Gautam Goel, Yiheng Lin, Haoyuan Sun, Adam Wierman"
"Brett Daley, Christopher Amato"
"Giulia Luise, Saverio Salzo, Massimiliano Pontil, Carlo Ciliberto"
"Shaofeng Zou, Tengyu Xu, Yingbin Liang"
"Fenglin Liu, Yuanxin Liu, Xuancheng Ren, Xiaodong He, Xu Sun"
"Xuanyi Dong, Yi Yang"
"Wang Chi Cheung"
"Aviv Rosenberg, Yishay Mansour"
"Shin Matsushima, Maria Brbic"
"Joe Kileel, Matthew Trager, Joan Bruna"
"Eleanor Batty, Matthew Whiteway, Shreya Saxena, Dan Biderman, Taiga Abe, Simon Musall, Winthrop Gillis, Jeffrey Markowitz, Anne Churchland, John P. Cunningham, Sandeep R. Datta, Scott Linderman, Liam Paninski"
"Vickram Rajendran, William LeVine"
"Belhal Karimi, Hoi-To Wai, Eric Moulines, Marc Lavielle"
"Changxiao Cai, Gen Li, H. Vincent Poor, Yuxin Chen"
"Mahmoud Assran, Joshua Romoff, Nicolas Ballas, Joelle Pineau, Michael Rabbat"
"Beidi Chen, Yingchen Xu, Anshumali Shrivastava"
"Jianxin Ma, Chang Zhou, Peng Cui, Hongxia Yang, Wenwu Zhu"
"Qitian Wu, Zixuan Zhang, Xiaofeng Gao, Junchi Yan, Guihai Chen"
"Dan Hendrycks, Mantas Mazeika, Saurav Kadavath, Dawn Song"
"Arturs Backurs, Piotr Indyk, Tal Wagner"
"Xiaoyun Li, Ping Li"
"Xuhui Fan, Bin Li, Caoyuan Li, Scott SIsson, Ling Chen"
"Kamil Ciosek, Quan Vuong, Robert Loftin, Katja Hofmann"
"Zhiqi Bu, Jason Klusowski, Cynthia Rush, Weijie Su"
"Taufik Xu, Chongxuan LI, Jun Zhu, Bo Zhang"
"Yingdong Lu, Mark Squillante, Chai Wah Wu"
"Ari Morcos, Haonan Yu, Michela Paganini, Yuandong Tian"
"Shanshan Wu, Alexandros G. Dimakis, Sujay Sanghavi"
"Niklas Gebauer, Michael Gastegger, Kristof Schütt"
"Yihe Dong, Samuel Hopkins, Jerry Li"
"Kenji Fukumizu, Shoichiro Yamaguchi, Yoh-ichi Mototake, Mirai Tanaka"
"Devin Reich, Ariel Todoki, Rafael Dowsley, Martine De Cock, anderson nascimento"
"Matthew Joseph, Janardhan Kulkarni, Jieming Mao, Steven Z. Wu"
"Zhihui Zhu, Qiuwei Li, Xinshuo Yang, Gongguo Tang, Michael B. Wakin"
"Laurence Aitchison"
"Zhibing Zhao, Lirong Xia"
"Victor Garcia Satorras, Zeynep Akata, Max Welling"
"Yuhui Wang, Hao He, Xiaoyang Tan, Yaozhong Gan"
"Shuai Zhao, Yang Wang, Zheng Yang, Deng Cai"
"Junyu Zhang, Lin Xiao"
"Akshay Balsubramani, Sanjoy Dasgupta, yoav Freund, Shay Moran"
"Ehsan Hajiramezanali, Arman Hasanzadeh, Krishna Narayanan, Nick Duffield, Mingyuan Zhou, Xiaoning Qian"
"Johannes Kirschner, Andreas Krause"
"Joshua Tobin, Wojciech Zaremba, Pieter Abbeel"
"Cyprien de Masson d'Autume, Shakir Mohamed, Mihaela Rosca, Jack Rae"
"Othman El Balghiti, Adam N. Elmachtoub, Paul Grigas, Ambuj Tewari"
"Andrea Zanette, Mykel J. Kochenderfer, Emma Brunskill"
"Chih-Kuan Yeh, Cheng-Yu Hsieh, Arun Suggala, David I. Inouye, Pradeep K. Ravikumar"
"He Lyu, Ningyu Sha, Shuyang Qin, Ming Yan, Yuying Xie, Rongrong Wang"
"Debarghya Ghoshdastidar, Michaël Perrot, Ulrike von Luxburg"
"Pang Wei W. Koh, Kai-Siang Ang, Hubert Teo, Percy S. Liang"
"Weiyang Liu, Zhen Liu, James M. Rehg, Le Song"
"Majid Abdolshah, Alistair Shilton, Santu Rana, Sunil Gupta, Svetha Venkatesh"
"Wei Qian, Yuqian Zhang, Yudong Chen"
"Amanda Gentzel, Dan Garant, David Jensen"
"Yusuke Tanaka, Toshiyuki Tanaka, Tomoharu Iwata, Takeshi Kurashima, Maya Okawa, Yasunori Akagi, Hiroyuki Toda"
"Thanh Huy Nguyen, Umut Simsekli, Mert Gurbuzbalaban, Gaël RICHARD"
"Bin Shi, Simon S. Du, Weijie Su, Michael I. Jordan"
"Jennifer Cardona, Michael Howland, John Dabiri"
"Eliya Nachmani, Lior Wolf"
"Vayer Titouan, Rémi Flamary, Nicolas Courty, Romain Tavenard, Laetitia Chapel"
"Shanshan Wu, Sujay Sanghavi, Alexandros G. Dimakis"
"Talfan Evans, Neil Burgess"
"Zhihui Zhu, Tianyu Ding, Daniel Robinson, Manolis Tsakiris, René Vidal"
"Karl Krauth, Stephen Tu, Benjamin Recht"
"Fariborz Salehi, Ehsan Abbasi, Babak Hassibi"
"Jinwoo Choi, Chen Gao, Joseph C. E. Messou, Jia-Bin Huang"
"Boaz Barak, Chi-Ning Chou, Zhixian Lei, Tselil Schramm, Yueqi Sheng"
"Xing Yan, Qi Wu, Wen Zhang"
"Patrick Putzky, Max Welling"
"Jenelle Feather, Alex Durango, Ray Gonzalez, Josh McDermott"
"Xiyang Hu, Cynthia Rudin, Margo Seltzer"
"Hanrui Zhang, Yu Cheng, Vincent Conitzer"
"Yixing Xu, Yunhe Wang, Hanting Chen, Kai Han, Chunjing XU, Dacheng Tao, Chang Xu"
"Nirandika Wanigasekara, Christina Yu"
"Andrey Kolobov, Yuval Peres, Cheng Lu, Eric J. Horvitz"
"Alan Kuhnle"
"Guanghui Lan, Zhize Li, Yi Zhou"
"Zhize Li"
"Chaofan Chen, Oscar Li, Daniel Tao, Alina Barnett, Cynthia Rudin, Jonathan K. Su"
"Ilai Bistritz, Zhengyuan Zhou, Xi Chen, Nicholas Bambos, Jose Blanchet"
"David Simchi-Levi, Yunzong Xu"
"Wonjae Kim, Yoonho Lee"
"Matt Jordan, Justin Lewis, Alexandros G. Dimakis"
"Sharon Qian, Yaron Singer"
"Lénaïc Chizat, Edouard Oyallon, Francis Bach"
"Niloy Biswas, Pierre E. Jacob, Paul Vanetti"
"Gabriele Farina, Chun Kai Ling, Fei Fang, Tuomas Sandholm"
"Victor Veitch, Yixin Wang, David Blei"
"Zhiqiang Xu, Ping Li"
"Jae Hyun Lim, Pedro O. O. Pinheiro, Negar Rostamzadeh, Chris Pal, Sungjin Ahn"
"Adam Bielski, Paolo Favaro"
"Hanjun Dai, Yujia Li, Chenglong Wang, Rishabh Singh, Po-Sen Huang, Pushmeet Kohli"
"Baekjin Kim, Ambuj Tewari"
"Gabriele Farina, Christian Kroer, Tuomas Sandholm"
"Dong Yin, Raphael Gontijo Lopes, Jon Shlens, Ekin Dogus Cubuk, Justin Gilmer"
"Lizhong Ding, Mengyang Yu, Li Liu, Fan Zhu, Yong Liu, Yu Li, Ling Shao"
"Chris Russell, Matteo Toso, Neill Campbell"
"Marco Bressan, Nicolò Cesa-Bianchi, Andrea Paudice, Fabio Vitale"
"Eric Jonas"
"Fushan Li, Michael Bowling"
"David Durfee, Ryan M. Rogers"
"Hao Yu"
"Michal Derezinski, Michael W. Mahoney"
"Congchao Wang, Yizhi Wang, Yinxue Wang, Chiung-Ting Wu, Guoqiang Yu"
"Mahdi Karami, Dale Schuurmans, Jascha Sohl-Dickstein, Laurent Dinh, Daniel Duckworth"
"Matan Atzmon, Niv Haim, Lior Yariv, Ofer Israelov, Haggai Maron, Yaron Lipman"
"Ben Adlam, Corinna Cortes, Mehryar Mohri, Ningshan Zhang"
"Ferran Alet, Erica Weng, Tomás Lozano-Pérez, Leslie Pack Kaelbling"
"Amin Jaber, Jiji Zhang, Elias Bareinboim"
"Xihui Liu, Guojun Yin, Jing Shao, Xiaogang Wang, hongsheng Li"
"Zhao Song, David Woodruff, Peilin Zhong"
"Tristan Milne"
"Max Vladymyrov"
"Mohammad Emtiyaz E. Khan, Alexander Immer, Ehsan Abedi, Maciej Korzepa"
"Matthew Reimherr, Jordan Awan"
"Han Zhao, Geoff Gordon"
"Dimitris Kalimeris, Gal Kaplun, Preetum Nakkiran, Benjamin Edelman, Tristan Yang, Boaz Barak, Haofeng Zhang"
"Mingrui Zhang, Lin Chen, Hamed Hassani, Amin Karbasi"
"Viet Anh Nguyen, Soroosh Shafieezadeh Abadeh, Man-Chung Yue, Daniel Kuhn, Wolfram Wiesemann"
"Sidharth Gupta, Remi Gribonval, Laurent Daudet, Ivan Dokmanić"
"Scott Gigante, Adam S. Charles, Smita Krishnaswamy, Gal Mishne"
"Zhonghui You, Kun Yan, Jinmian Ye, Meng Ma, Ping Wang"
"Maria Jahja, David Farrow, Roni Rosenfeld, Ryan J. Tibshirani"
"Kazuki Osawa, Siddharth Swaroop, Mohammad Emtiyaz E. Khan, Anirudh Jain, Runa Eschenhagen, Richard E. Turner, Rio Yokota"
"Yonatan Geifman, Ran El-Yaniv"
"KANCHARLA PARIMALA, Sumohana Channappayya"
"Chaoyou Fu, Xiang Wu, Yibo Hu, Huaibo Huang, Ran He"
"Alexander Irpan, Kanishka Rao, Konstantinos Bousmalis, Chris Harris, Julian Ibarz, Sergey Levine"
"Taesup Kim, Sungjin Ahn, Yoshua Bengio"
"Vincent Sitzmann, Michael Zollhoefer, Gordon Wetzstein"
"Sebastian Blaes, Marin Vlastelica Pogančić, Jiajie Zhu, Georg Martius"
"Ashok Cutkosky, Francesco Orabona"
"Dina Bashkirova, Ben Usman, Kate Saenko"
"Giovanni Chierchia, Benjamin Perret"
"Ivan Glasser, Ryan Sweke, Nicola Pancotti, Jens Eisert, Ignacio Cirac"
"Siyuan Huang, Yixin Chen, Tao Yuan, Siyuan Qi, Yixin Zhu, Song-Chun Zhu"
"Nikhil Ghosh, Yuxin Chen, Yisong Yue"
"Steve Hanneke, Samory Kpotufe"
"Tomi Peltola, Mustafa Mert Çelikok, Pedram Daee, Samuel Kaski"
"Marek Petrik, Reazul Hasan Russel"
"Taco S. Cohen, Mario Geiger, Maurice Weiler"
"Yujiao Shi, Liu Liu, Xin Yu, Hongdong Li"
"Evgenii Chzhen, Christophe Denis, Mohamed Hebiri, Luca Oneto, Massimiliano Pontil"
"Michela Meister, Tamas Sarlos, David Woodruff"
"Alessandro Barp, Francois-Xavier Briol, Andrew Duncan, Mark Girolami, Lester Mackey"
"Haggai Maron, Heli Ben-Hamu, Hadar Serviansky, Yaron Lipman"
"Wenjie Shi, Shiji Song, Hui Wu, Ya-Chu Hsu, Cheng Wu, Gao Huang"
"Jen Ning Lim, Makoto Yamada, Bernhard Schölkopf, Wittawat Jitkrittum"
"Ann-Kathrin Dombrowski, Maximillian Alber, Christopher Anders, Marcel Ackermann, Klaus-Robert Müller, Pan Kessel"
"Aya Abdelsalam Ismail, Mohamed Gunady, Luiz Pessoa, Hector Corrada Bravo, Soheil Feizi"
"Paul Goelz, Anson Kahng, Ariel D. Procaccia"
"Adrian Dalca, Marianne Rakic, John Guttag, Mert Sabuncu"
"Gengshan Yang, Deva Ramanan"
"Jean Pouget-Abadie, Kevin Aydin, Warren Schudy, Kay Brodersen, Vahab Mirrokni"
"Susmit Jha, Sunny Raj, Steven Fernandes, Sumit K. Jha, Somesh Jha, Brian Jalaian, Gunjan Verma, Ananthram Swami"
"Sjoerd van Steenkiste, Francesco Locatello, Jürgen Schmidhuber, Olivier Bachem"
"Robert Gower, Dmitry Kovalev, Felix Lieder, Peter Richtarik"
"Mahesh Chandra Mukkamala, Peter Ochs"
"Weishi Shi, Qi Yu"
"Yuanzhi Li, Colin Wei, Tengyu Ma"
"Firoozeh Sepehr, Donatello Materassi"
"Justin Domke"
"Zuxuan Wu, Caiming Xiong, Yu-Gang Jiang, Larry S. Davis"
"Jiezhang Cao, Langyuan Mo, Yifan Zhang, Kui Jia, Chunhua Shen, Mingkui Tan"
"Adam Paszke, Sam Gross, Francisco Massa, Adam Lerer, James Bradbury, Gregory Chanan, Trevor Killeen, Zeming Lin, Natalia Gimelshein, Luca Antiga, Alban Desmaison, Andreas Kopf, Edward Yang, Zachary DeVito, Martin Raison, Alykhan Tejani, Sasank Chilamkurthy, Benoit Steiner, Lu Fang, Junjie Bai, Soumith Chintala"
"Shichen Liu, Shunsuke Saito, Weikai Chen, Hao Li"
"Wenbo Ren, Jia (Kevin) Liu, Ness Shroff"
"Jean-Baptiste Alayrac, Jonathan Uesato, Po-Sen Huang, Alhussein Fawzi, Robert Stanforth, Pushmeet Kohli"
"Yong Guo, Yin Zheng, Mingkui Tan, Qi Chen, Jian Chen, Peilin Zhao, Junzhou Huang"
"Xinzhe Li, Qianru Sun, Yaoyao Liu, Qin Zhou, Shibao Zheng, Tat-Seng Chua, Bernt Schiele"
"Francesco Locatello, Alp Yurtsever, Olivier Fercoq, Volkan Cevher"
"Lingge Li, Dustin Pluta, Babak Shahbaba, Norbert Fortin, Hernando Ombao, Pierre Baldi"
"Chunjin Song, Zhijie Wu, Yang Zhou, Minglun Gong, Hui Huang"
"Alexis CONNEAU, Guillaume Lample"
"Wenbo Gong, Sebastian Tschiatschek, Sebastian Nowozin, Richard E. Turner, José Miguel Hernández-Lobato, Cheng Zhang"
"Debmalya Mandal, Ariel D. Procaccia, Nisarg Shah, David Woodruff"
"Ron Banner, Yury Nahshan, Daniel Soudry"
"Sanjeev Arora, Nadav Cohen, Wei Hu, Yuping Luo"
"Shahana Ibrahim, Xiao Fu, Nikolaos Kargas, Kejun Huang"
"Yifan Sun, Yaqi Duan, Hao Gong, Mengdi Wang"
"Daniel Levy, John C. Duchi"
"Behrooz Ghorbani, Song Mei, Theodor Misiakiewicz, Andrea Montanari"
"Jacob D. Abernethy, Rachel Cummings, Bhuvesh Kumar, Sam Taggart, Jamie H. Morgenstern"
"Farzin Haddadpour, Mohammad Mahdi Kamani, Mehrdad Mahdavi, Viveck Cadambe"
"Ruoxi Sun, Scott Linderman, Ian Kinsella, Liam Paninski"
"Santiago Paternain, Luiz Chamon, Miguel Calvo-Fullana, Alejandro Ribeiro"
"Francisco Garcia, Philip S. Thomas"
"Aviral Kumar, Justin Fu, Matthew Soh, George Tucker, Sergey Levine"
"Drew Hudson, Christopher D. Manning"
"Li Dong, Nan Yang, Wenhui Wang, Furu Wei, Xiaodong Liu, Yu Wang, Jianfeng Gao, Ming Zhou, Hsiao-Wuen Hon"
"Lingyu Liang, LianWen Jin, Yong Xu"
"Chengzhi Mao, Ziyuan Zhong, Junfeng Yang, Carl Vondrick, Baishakhi Ray"
"Mete Ozay"
"Deepak Pathak, Christopher Lu, Trevor Darrell, Phillip Isola, Alexei A. Efros"
"Kimon Antonakopoulos, Veronica Belmega, Panayotis Mertikopoulos"
"Pierre Monteiller, Sebastian Claici, Edward Chien, Farzaneh Mirzazadeh, Justin M. Solomon, Mikhail Yurochkin"
"Song Liu, Takafumi Kanamori, Wittawat Jitkrittum, Yu Chen"
"Difan Zou, Pan Xu, Quanquan Gu"
"Jacob D. Abernethy, Young Hun Jung, Chansoo Lee, Audra McMillan, Ambuj Tewari"
"Murat Kocaoglu, Amin Jaber, Karthikeyan Shanmugam, Elias Bareinboim"
"Aleksis Pirinen, Erik Gärtner, Cristian Sminchisescu"
"Etienne Boursier, Vianney Perchet"
"Edward Raff"
"Ernesto Araya Valdivia, De Castro Yohann"
"Jian Ni, Shanghang Zhang, Haiyong Xie"
"Jiarui Gan, Qingyu Guo, Long Tran-Thanh, Bo An, Michael Wooldridge"
"Borja Balle, Gilles Barthe, Marco Gaboardi, Joseph Geumlek"
"Tavor Baharav, David Tse"
"Alberto Bietti, Julien Mairal"
"Hosein Hasani, Mahdieh Soleymani, Hamid Aghajan"
"Yu Tian, Long Zhao, Xi Peng, Dimitris Metaxas"
"Moshe Shenfeld, Katrina Ligett"
"Nicolò Pagliana, Lorenzo Rosasco"
"Guillaume Charpiat, Nicolas Girard, Loris Felardos, Yuliya Tarabalka"
"Boyu Wang, Jorge Mendez, Mingbo Cai, Eric Eaton"
"Xinyang Chen, Sinan Wang, Bo Fu, Mingsheng Long, Jianmin Wang"
"Jiasen Lu, Dhruv Batra, Devi Parikh, Stefan Lee"
"Andisheh Amrollahi, Amir Zandieh, Michael Kapralov, Andreas Krause"
"Amirmohammad Rooshenas, Dongxu Zhang, Gopal Sharma, Andrew McCallum"
"Soroush Nasiriany, Vitchyr Pong, Steven Lin, Sergey Levine"
"Yiming Ding, Carlos Florensa, Pieter Abbeel, Mariano Phielipp"
"Larkin Flodin, Venkata Gandikota, Arya Mazumdar"
"Yanyao Shen, Sujay Sanghavi"
"Kimia Nadjahi, Alain Durmus, Umut Simsekli, Roland Badeau"
"Jinsung Yoon, Daniel Jarrett, Mihaela van der Schaar"
"Sebastian Goldt, Madhu Advani, Andrew M. Saxe, Florent Krzakala, Lenka Zdeborová"
"Mike Gartrell, Victor-Emmanuel Brunel, Elvis Dohmatob, Syrine Krichene"
"Dinesh Garg, Shajith Ikbal, Santosh K. Srivastava, Harit Vishwakarma, Hima Karanam, L Venkata Subramaniam"
"Vitaliy Chiley, Ilya Sharapov, Atli Kosson, Urs Koster, Ryan Reece, Sofia Samaniego de la Fuente, Vishal Subbiah, Michael James"
"Nikolaos Tziavelis, Ioannis Giannakopoulos, Katerina Doka, Nectarios Koziris, Panagiotis Karras"
"Antonio Ginart, Melody Guan, Gregory Valiant, James Y. Zou"
"Shengyuan Hu, Tao Yu, Chuan Guo, Wei-Lun Chao, Kilian Q. Weinberger"
"Brendan O'Donoghue, Chris J. Maddison"
"Fan Yang, Liu Leqi, Yifan Wu, Zachary Lipton, Pradeep K. Ravikumar, Tom M. Mitchell, William W. Cohen"
"Qing Wang, Yingru Li, Jiechao Xiong, Tong Zhang"
"Takumi Kobayashi"
"Felipe Tobar"
"Sitao Luan, Mingde Zhao, Xiao-Wen Chang, Doina Precup"
"Huong Ha, Santu Rana, Sunil Gupta, Thanh Nguyen, Hung Tran-The, Svetha Venkatesh"
"Othmane Sebbouh, Nidham Gazagnadou, Samy Jelassi, Francis Bach, Robert Gower"
"Gecia Bravo Hermsdorff, Lee Gunderson"
"Gunjan Verma, Ananthram Swami"
"Zhen Zhang, Yijian Xiang, Lingfei Wu, Bing Xue, Arye Nehorai"
"Liu Leqi, Adarsh Prasad, Pradeep K. Ravikumar"
"Hongge Chen, Huan Zhang, Si Si, Yang Li, Duane Boning, Cho-Jui Hsieh"
"Kai Zhong, Zhao Song, Prateek Jain, Inderjit S. Dhillon"
"Karim Ahmed, Lorenzo Torresani"
"Da Xu, Chuanwei Ruan, Evren Korpeoglu, Sushant Kumar, Kannan Achan"
"Xuesong Niu, Hu Han, Shiguang Shan, Xilin Chen"
"Yatin Nandwani, Abhishek Pathak, Mausam, Parag Singla"
"Ofir Nachum, Yinlam Chow, Bo Dai, Lihong Li"
"Yuan Cao, Quanquan Gu"
"Alessio Ansuini, Alessandro Laio, Jakob H. Macke, Davide Zoccolan"
"Eui Chul Shin, Miltiadis Allamanis, Marc Brockschmidt, Alex Polozov"
"Gautier Izacard, Sreyas Mohan, Carlos Fernandez-Granda"
"Mitchell Wortsman, Ali Farhadi, Mohammad Rastegari"
"Amit Daniely, Vitaly Feldman"
"Hugo Touvron, Andrea Vedaldi, Matthijs Douze, Herve Jegou"
"Xiangyu Xu, Li Siyao, Wenxiu Sun, Qian Yin, Ming-Hsuan Yang"
"Ngoc-Trung Tran, Viet-Hung Tran, Bao-Ngoc Nguyen, Linxiao Yang, Ngai-Man (Man) Cheung"
"Pierre Ablin, Thomas Moreau, Mathurin Massias, Alexandre Gramfort"
"Renjie Liao, Yujia Li, Yang Song, Shenlong Wang, Will Hamilton, David K. Duvenaud, Raquel Urtasun, Richard Zemel"
"Vineet Kosaraju, Amir Sadeghian, Roberto Martín-Martín, Ian Reid, Hamid Rezatofighi, Silvio Savarese"
"Bo Yang, Jianan Wang, Ronald Clark, Qingyong Hu, Sen Wang, Andrew Markham, Niki Trigoni"
"Guokun Lai, Zihang Dai, Yiming Yang, Shinjae Yoo"
"Jisoo Jeong, Seungeui Lee, Jeesoo Kim, Nojun Kwak"
"Kwang-Sung Jun, Ashok Cutkosky, Francesco Orabona"
"Raman Arora, Teodor Vanislavov Marinov, Mehryar Mohri"
"Maxime Gasse, Didier Chetelat, Nicola Ferroni, Laurent Charlin, Andrea Lodi"
"Mareike Hartmann, Yova Kementchedjhieva, Anders Søgaard"
"Tingting Qiao, Jing Zhang, Duanqing Xu, Dacheng Tao"
"Charith Mendis, Cambridge Yang, Yewen Pu, Dr.Saman Amarasinghe, Michael Carbin"
"Debraj Basu, Deepesh Data, Can Karakus, Suhas Diggavi"
"Yasutoshi Ida, Yasuhiro Fujiwara, Hisashi Kashima"
"Gabriel Loaiza-Ganem, Sean Perkins, Karen Schroeder, Mark Churchland, John P. Cunningham"
"Senanayak Sesh Kumar Karri, Francis Bach, Thomas Pock"
"Patrick Kidger, Patric Bonnier, Imanol Perez Arribas, Cristopher Salvi, Terry Lyons"
"Bao Wang, Zuoqiang Shi, Stanley Osher"
"Russell Mendonca, Abhishek Gupta, Rosen Kralev, Pieter Abbeel, Sergey Levine, Chelsea Finn"
"Theo Deprelle, Thibault Groueix, Matthew Fisher, Vladimir Kim, Bryan Russell, Mathieu Aubry"
"CHAO LI, Shangqian Gao, Cheng Deng, De Xie, Wei Liu"
"Chanho Eom, Bumsub Ham"
"Ivan Stelmakh, Nihar Shah, Aarti Singh"
"Gail Weiss, Yoav Goldberg, Eran Yahav"
"Candice Schumann, Zhi Lang, Jeffrey Foster, John Dickerson"
"David Sabbagh, Pierre Ablin, Gael Varoquaux, Alexandre Gramfort, Denis A. Engemann"
"Youwei Lyu, Zhaopeng Cui, Si Li, Marc Pollefeys, Boxin Shi"
"Tiantian Fang, Alexander Schwing"
"Carl Doersch, Andrew Zisserman"
"Zheng Li, Christopher M. De Sa"
"Nathan Kallus, Angela Zhou"
"Thang Vu, Hyunjun Jang, Trung X. Pham, Chang Yoo"
"Adam Foster, Martin Jankowiak, Elias Bingham, Paul Horsfall, Yee Whye Teh, Thomas Rainforth, Noah Goodman"
"Joshua Robinson, Suvrit Sra, Stefanie Jegelka"
"Yiren Wang, Yingce Xia, Fei Tian, Fei Gao, Tao Qin, Cheng Xiang Zhai, Tie-Yan Liu"
"Allan Jabri, Kyle Hsu, Abhishek Gupta, Ben Eysenbach, Sergey Levine, Chelsea Finn"
"Shinji Ito, Daisuke Hatano, Hanna Sumita, Kei Takemura, Takuro Fukunaga, Naonori Kakimura, Ken-Ichi Kawarabayashi"
"Gi-Soo Kim, Myunghee Cho Paik"
"Dexiong Chen, Laurent Jacob, Julien Mairal"
"Tianbo Li, Yiping Ke"
"Necdet Serhat Aybat, Alireza Fallah, Mert Gurbuzbalaban, Asuman Ozdaglar"
"Brian Lubars, Chenhao Tan"
"Blossom Metevier, Stephen Giguere, Sarah Brockman, Ari Kobren, Yuriy Brun, Emma Brunskill, Philip S. Thomas"
"Aditya Grover, Jiaming Song, Ashish Kapoor, Kenneth Tran, Alekh Agarwal, Eric J. Horvitz, Stefano Ermon"
"Janice Lan, Rosanne Liu, Hattie Zhou, Jason Yosinski"
"Chen Xing, Negar Rostamzadeh, Boris Oreshkin, Pedro O. O. Pinheiro"
"Hedi Hadiji"
"Axel Brando, Jose A. Rodriguez, Jordi Vitria, Alberto Rubio Muñoz"
"Zhitao Ying, Dylan Bourgeois, Jiaxuan You, Marinka Zitnik, Jure Leskovec"
"Wei Ma, George H. Chen"
"Matthias Minderer, Chen Sun, Ruben Villegas, Forrester Cole, Kevin P. Murphy, Honglak Lee"
"Dominik Linzner, Michael Schmidt, Heinz Koeppl"
"Jianwei Yang, Zhile Ren, Chuang Gan, Hongyuan Zhu, Devi Parikh"
"Haichao Zhang, Jianyu Wang"
"Santtu Tikka, Antti Hyttinen, Juha Karvanen"
"Marco Cuturi, Olivier Teboul, Jean-Philippe Vert"
"Yikang Shen, Shawn Tan, Arian Hosseini, Zhouhan Lin, Alessandro Sordoni, Aaron C. Courville"
"Jonathan Kuck, Tri Dao, Hamid Rezatofighi, Ashish Sabharwal, Stefano Ermon"
"Niru Maheswaranathan, Alex Williams, Matthew Golub, Surya Ganguli, David Sussillo"
"SHUAI ZHANG, Yi Tay, Lina Yao, Qi Liu"
"Rebekka Burkholz, Alina Dubatovka"
"Muhammad Waleed Gondal, Manuel Wuthrich, Djordje Miladinovic, Francesco Locatello, Martin Breidt, Valentin Volchkov, Joel Akpo, Olivier Bachem, Bernhard Schölkopf, Stefan Bauer"
"Amir Abboud, Vincent Cohen-Addad, Hussein Houdrouge"
"Thijs Vogels, Sai Praneeth Karimireddy, Martin Jaggi"
"Anmol Kagrecha, Jayakrishnan Nair, Krishna Jagannathan"
"Aditya K. Menon, Ankit Singh Rawat, Sashank Reddi, Sanjiv Kumar"
"Yanis Bahroun, Dmitri Chklovskii, Anirvan Sengupta"
"Wei-Da Chen, Shan-Hung (Brandon) Wu"
"Tejas D. Kulkarni, Ankush Gupta, Catalin Ionescu, Sebastian Borgeaud, Malcolm Reynolds, Andrew Zisserman, Volodymyr Mnih"
"Jiaxuan You, Haoze Wu, Clark Barrett, Raghuram Ramanujan, Jure Leskovec"
"Christos Louizos, Xiahan Shi, Klamer Schutte, Max Welling"
"Ming Yu, Zhuoran Yang, Mladen Kolar, Zhaoran Wang"
"Shen-Huan Lyu, Liang Yang, Zhi-Hua Zhou"
"Ron A. Shapira Weber, Matan Eyal, Nicki Skafte, Oren Shriki, Oren Freifeld"
"Sicheng Zhao, Bo Li, Xiangyu Yue, Yang Gu, Pengfei Xu, Runbo Hu, Hua Chai, Kurt Keutzer"
"Ioannis Koutis, Huong Le"
"Sanjeev Arora, Simon S. Du, Wei Hu, Zhiyuan Li, Russ R. Salakhutdinov, Ruosong Wang"
"Chulhee Yun, Suvrit Sra, Ali Jadbabaie"
"Sam Wiseman, Yoon Kim"
"Fengxiang He, Tongliang Liu, Dacheng Tao"
"Zhilin Yang, Zihang Dai, Yiming Yang, Jaime Carbonell, Russ R. Salakhutdinov, Quoc V. Le"
"Alexis Bellot, Mihaela van der Schaar"
"Xindian Ma, Peng Zhang, Shuai Zhang, Nan Duan, Yuexian Hou, Ming Zhou, Dawei Song"
"Sascha Saralajew, Lars Holdijk, Maike Rees, Ebubekir Asan, Thomas Villmann"
"Robin Sandkühler, Simon Andermatt, Grzegorz Bauman, Sylvia Nyilas, Christoph Jud, Philippe C. Cattin"
"Dirk van der Hoeven"
"Philip Bachman, R Devon Hjelm, William Buchwalter"
"Jian QIAN, Ronan Fruit, Matteo Pirotta, Alessandro Lazaric"
"Eszter Vértes, Maneesh Sahani"
"PHUONG_HA NGUYEN, Lam Nguyen, Marten van Dijk"
"Shali Jiang, Roman Garnett, Benjamin Moseley"
"Dominic Richards, Patrick Rebeschini"
"Rodolfo Corona Rodriguez, Stephan Alaniz, Zeynep Akata"
"Georgios Detorakis, Sourav Dutta, Abhishek Khanna, Matthew Jerry, Suman Datta, Emre Neftci"
"Ehsan Abbasi, Fariborz Salehi, Babak Hassibi"
"Faidra Georgia Monachou, Itai Ashlagi"
"Saurabh Sihag, Ali Tajer"
"Dustin Tran, Keyon Vafa, Kumar Agrawal, Laurent Dinh, Ben Poole"
"Amir Dezfouli, Hassan Ashtiani, Omar Ghattas, Richard Nock, Peter Dayan, Cheng Soon Ong"
"Jiaqi Ma, Weijing Tang, Ji Zhu, Qiaozhu Mei"
"Lalit Jain, Kevin G. Jamieson"
"Giulia Denevi, Dimitris Stamos, Carlo Ciliberto, Massimiliano Pontil"
"Guodong Zhang, Lala Li, Zachary Nado, James Martens, Sushant Sachdeva, George Dahl, Chris Shallue, Roger B. Grosse"
"Hunter Lang, Lin Xiao, Pengchuan Zhang"
"Allan Grønlund, Lior Kamma, Kasper Green Larsen, Alexander Mathiasen, Jelani Nelson"
"Muhan Zhang, Shali Jiang, Zhicheng Cui, Roman Garnett, Yixin Chen"
"Andrew Ilyas, Shibani Santurkar, Dimitris Tsipras, Logan Engstrom, Brandon Tran, Aleksander Madry"
"Bin Hu, Usman Syed"
"Yiqi Zhong, Cho-Ying Wu, Suya You, Ulrich Neumann"
"Maximilian Igl, Kamil Ciosek, Yingzhen Li, Sebastian Tschiatschek, Cheng Zhang, Sam Devlin, Katja Hofmann"
"Cory Stephenson, Jenelle Feather, Suchismita Padhy, Oguz Elibol, Hanlin Tang, Josh McDermott, SueYeon Chung"
"Greg Ver Steeg, Hrayr Harutyunyan, Daniel Moyer, Aram Galstyan"
"Roi Livni, Yishay Mansour"
"Aleksandar Bojchevski, Stephan Günnemann"
"Ganlin Song, Zhou Fan, John Lafferty"
"Xingye Qiao, Jiexin Duan, Guang Cheng"
"Harsh Gupta, R. Srikant, Lei Ying"
"Christopher Nemeth, Fredrik Lindsten, Maurizio Filippone, James Hensman"
"John Lee, Max Dabagia, Eva Dyer, Christopher Rozell"
"Ankit Singh Rawat, Jiecao Chen, Felix Xinnan X. Yu, Ananda Theertha Suresh, Sanjiv Kumar"
"Sivan Sabato"
"Raman Arora, Jalaj Upadhyay"
"Ji Xu, Daniel J. Hsu"
"Taeyoung Hahn, Myeongjang Pyeon, Gunhee Kim"
"Xueying Bai, Jian Guan, Hongning Wang"
"Risto Vuorio, Shao-Hua Sun, Hexiang Hu, Joseph J. Lim"
"Christopher Thomas, Adriana Kovashka"
"Aaron Defazio"
"Devansh Arpit, Víctor Campos, Yoshua Bengio"
"Bolin Wei, Ge Li, Xin Xia, Zhiyi Fu, Zhi Jin"
"Mitsuru Kusumoto, Takuya Inoue, Gentaro Watanabe, Takuya Akiba, Masanori Koyama"
"Rahaf Aljundi, Min Lin, Baptiste Goujaud, Yoshua Bengio"
"Carl Yang, Peiye Zhuang, Wenhan Shi, Alan Luu, Pan Li"
"Jun Shu, Qi Xie, Lixuan Yi, Qian Zhao, Sanping Zhou, Zongben Xu, Deyu Meng"
"Seungki Min, Costis Maglaras, Ciamac C. Moallemi"
"Shinji Ito, Daisuke Hatano, Hanna Sumita, Kei Takemura, Takuro Fukunaga, Naonori Kakimura, Ken-Ichi Kawarabayashi"
"Honghao Li, Vincent Cabeli, Nadir Sella, Herve Isambert"
"Shirin Jalali, Carl Nuzman, Iraj Saniee"
"Atalanti Mastakouri, Bernhard Schölkopf, Dominik Janzing"
"Su Young Lee, Choi Sungik, Sae-Young Chung"
"Cheng-Chun Hsu, Kuang-Jui Hsu, Chung-Chi Tsai, Yen-Yu Lin, Yung-Yu Chuang"
"Marcel Hirt, Petros Dellaportas, Alain Durmus"
"Laura I. Galindez Olascoaga, Wannes Meert, Nimish Shah, Marian Verhelst, Guy Van den Broeck"
"Tengyu Xu, Shaofeng Zou, Yingbin Liang"
"Mengye Ren, Renjie Liao, Ethan Fetaya, Richard Zemel"
"Kevin Smith, Lingjie Mei, Shunyu Yao, Jiajun Wu, Elizabeth Spelke, Josh Tenenbaum, Tomer Ullman"
"Mostafa Rahmani, Ping Li"
"Raman Arora, Teodor Vanislavov Marinov"
"Maria-Florina F. Balcan, Travis Dick, Ritesh Noothigattu, Ariel D. Procaccia"
"Jie Song, Yixin Chen, Xinchao Wang, Chengchao Shen, Mingli Song"
"Alexander Mott, Daniel Zoran, Mike Chrzanowski, Daan Wierstra, Danilo Jimenez Rezende"
"Adam Gaier, David Ha"
"Matthieu SIMEONI, Sepand Kashani, Paul Hurley, Martin Vetterli"
"Sulaiman Alghunaim, Kun Yuan, Ali H. Sayed"
"Albert Shaw, Wei Wei, Weiyang Liu, Le Song, Bo Dai"
"Yue Yu, Jiaxiang Wu, Longbo Huang"
"Colin Graber, Alexander Schwing"
"Nicolas Keriven, Gabriel Peyré"
"Hisham Husain, Richard Nock, Robert C. Williamson"
"Maithra Raghu, Chiyuan Zhang, Jon Kleinberg, Samy Bengio"
"Parikshit Gopalan, Vatsal Sharan, Udi Wieder"
"Ruoqi Shen, Yin Tat Lee"
"Yandong Wen, Bhiksha Raj, Rita Singh"
"Harm Van Seijen, Mehdi Fatemi, Arash Tavakoli"
"Yue Wang, Justin M. Solomon"
"Juncheng Li, Shuhui Qu, Xinjian Li, Joseph Szurley, J. Zico Kolter, Florian Metze"
"Yue Cao, Tianlong Chen, Zhangyang Wang, Yang Shen"
"Gilad Baruch, Moran Baruch, Yoav Goldberg"
"Mikhail Yurochkin, Mayank Agarwal, Soumya Ghosh, Kristjan Greenewald, Nghia Hoang"
"Chao Yang, Xiaojian Ma, Wenbing Huang, Fuchun Sun, Huaping Liu, Junzhou Huang, Chuang Gan"
"Muhammad Osama, Dave Zachariah, Peter Stoica"
"Corey Snyder, Minh Do"
"Rebecca Roelofs, Vaishaal Shankar, Benjamin Recht, Sara Fridovich-Keil, Moritz Hardt, John Miller, Ludwig Schmidt"
"Peng Chen, Keyi Wu, Joshua Chen, Tom O'Leary-Roseberry, Omar Ghattas"
"Hidenori Tanaka, Aran Nayebi, Niru Maheswaranathan, Lane McIntosh, Stephen Baccus, Surya Ganguli"
"Kecheng Zheng, Zheng-Jun Zha, Wei Wei"
"Daniel Worrall, Max Welling"
"Ananda Theertha Suresh"
"Soheil Kolouri, Kimia Nadjahi, Umut Simsekli, Roland Badeau, Gustavo Rohde"
"Arnak Dalalyan, Philip Thompson"
"Cole Hurwitz, Kai Xu, Akash Srivastava, Alessio Buccino, Matthias Hennig"
"Yuan Deng, Jon Schneider, Balasubramanian Sivan"
"Rafael Müller, Simon Kornblith, Geoffrey E. Hinton"
"Moses Charikar, Kirankumar Shiragur, Aaron Sidford"
"Salvator Lombardo, JUN HAN, Christopher Schroers, Stephan Mandt"
"Brandon Yang, Gabriel Bender, Quoc V. Le, Jiquan Ngiam"
"Zhao Song, David Woodruff, Peilin Zhong"
"Rahul Gupta, Aditya Kanade, Shirish Shevade"
"Igor Colin, Ludovic DOS SANTOS, Kevin Scaman"
"Zelda E. Mariet, Yaniv Ovadia, Jasper Snoek"
"Sarath Yasodharan, Patrick Loiseau"
"Xiaohan Ding, guiguang ding, Xiangxin Zhou, Yuchen Guo, Jungong Han, Ji Liu"
"My Phan, Yasin Abbasi Yadkori, Justin Domke"
"Shouvanik Chakrabarti, Huang Yiming, Tongyang Li, Soheil Feizi, Xiaodi Wu"
"Mohamed Akrout, Collin Wilson, Peter Humphreys, Timothy Lillicrap, Douglas B. Tweed"
"Gauthier Gidel, Francis Bach, Simon Lacoste-Julien"
"John Ingraham, Vikas Garg, Regina Barzilay, Tommi Jaakkola"
"Wenrui Zhang, Peng Li"
"Derek Yang, Li Zhao, Zichuan Lin, Tao Qin, Jiang Bian, Tie-Yan Liu"
"Aria Wang, Michael Tarr, Leila Wehbe"
"Mikhail Khodak, Maria-Florina F. Balcan, Ameet S. Talwalkar"
"Brenden M. Lake"
"Khurram Javed, Martha White"
"Jason Altschuler, Francis Bach, Alessandro Rudi, Jonathan Niles-Weed"
"Ming Hou, Jiajia Tang, Jianhai Zhang, Wanzeng Kong, Qibin Zhao"
"Kishor Jothimurugan, Rajeev Alur, Osbert Bastani"
"Wenzheng Chen, Huan Ling, Jun Gao, Edward Smith, Jaakko Lehtinen, Alec Jacobson, Sanja Fidler"
"Micah Carroll, Rohin Shah, Mark K. Ho, Tom Griffiths, Sanjit Seshia, Pieter Abbeel, Anca Dragan"
"Yi Ren, Yangjun Ruan, Xu Tan, Tao Qin, Sheng Zhao, Zhou Zhao, Tie-Yan Liu"
"Falcon Dai, Matthew Walter"
"Hongzi Mao, Parimarjan Negi, Akshay Narayan, Hanrui Wang, Jiacheng Yang, Haonan Wang, Ryan Marcus, ravichandra addanki, Mehrdad Khani Shirkoohi, Songtao He, Vikram Nathan, Frank Cangialosi, Shaileshh Venkatakrishnan, Wei-Hung Weng, Song Han, Tim Kraska, Dr.Mohammad Alizadeh"
"Binghui Peng, Wei Chen"
"Jonathan Ho, Evan Lohn, Pieter Abbeel"
"Christopher Beckham, Sina Honari, Vikas Verma, Alex M. Lamb, Farnoosh Ghadiri, R Devon Hjelm, Yoshua Bengio, Chris Pal"
"Ruben Villegas, Arkanath Pathak, Harini Kannan, Dumitru Erhan, Quoc V. Le, Honglak Lee"
"Yixin Wang, David Blei"
"Mislav Balunovic, Maximilian Baader, Gagandeep Singh, Timon Gehr, Martin Vechev"
"Florian Scheidegger, Luca Benini, Costas Bekas, A. Cristiano I. Malossi"
"Anuj Mahajan, Tabish Rashid, Mikayel Samvelyan, Shimon Whiteson"
"Gabriel Loaiza-Ganem, John P. Cunningham"
"Alberto Maria Metelli, Amarildo Likmeta, Marcello Restelli"
"W. O. K. Asiri Suranga Wijesinghe, Qing Wang"
"Sauptik Dhar, Vladimir Cherkassky, Mohak Shah"
"Ivana Balazevic, Carl Allen, Timothy Hospedales"
"Ananya Kumar, Percy S. Liang, Tengyu Ma"
"Cyprien de Masson d'Autume, Sebastian Ruder, Lingpeng Kong, Dani Yogatama"
"Shangyu Chen, Wenya Wang, Sinno Jialin Pan"
"Lu Hou, Jinhua Zhu, James Kwok, Fei Gao, Tao Qin, Tie-Yan Liu"
"Garrett Bernstein, Daniel R. Sheldon"
"Sherjil Ozair, Corey Lynch, Yoshua Bengio, Aaron van den Oord, Sergey Levine, Pierre Sermanet"
"Christian Schroeder de Witt, Jakob Foerster, Gregory Farquhar, Philip Torr, Wendelin Boehmer, Shimon Whiteson"
"Boris Muzellec, Marco Cuturi"
"Yi Hao, Alon Orlitsky"
"Guang-He Lee, Yang Yuan, Shiyu Chang, Tommi Jaakkola"
"Michal Derezinski, Daniele Calandriello, Michal Valko"
"Jian Sun, Zongben Xu"
"David Rolnick, Arun Ahuja, Jonathan Schwarz, Timothy Lillicrap, Gregory Wayne"
"Rémi Jézéquel, Pierre Gaillard, Alessandro Rudi"
"Matthew Reimherr, Jordan Awan"
"Avner May, Jian Zhang, Tri Dao, Christopher Ré"
"Qi Lei, JIACHENG ZHUO, Constantine Caramanis, Inderjit S. Dhillon, Alexandros G. Dimakis"
"Ananya Uppal, Shashank Singh, Barnabas Poczos"
"Cyrille Combettes, Sebastian Pokutta"
"Aditya Gangrade, Praveen Venkatesh, Bobak Nazer, Venkatesh Saligrama"
"Stefano Sarao Mannelli, Giulio Biroli, Chiara Cammarota, Florent Krzakala, Lenka Zdeborová"
"Jianhao Peng, Olgica Milenkovic, Abhishek Agarwal"
"Eugene Bagdasaryan, Omid Poursaeed, Vitaly Shmatikov"
"Suman Bera, Deeparnab Chakrabarty, Nicolas Flores, Maryam Negahbani"
"Alex Lu, Amy Lu, Wiebke Schormann, Marzyeh Ghassemi, David Andrews, Alan Moses"
"Radu Marinescu, Rina Dechter"
"Asma Ghandeharioun, Judy Hanwen Shen, Natasha Jaques, Craig Ferguson, Noah Jones, Agata Lapedriza, Rosalind Picard"
"Alexander Peysakhovich, Christian Kroer, Adam Lerer"
"Pasha Khosravi, YooJung Choi, Yitao Liang, Antonio Vergari, Guy Van den Broeck"
"Zhuoning Yuan, Yan Yan, Rong Jin, Tianbao Yang"
"Biwei Huang, Kun Zhang, Pengtao Xie, Mingming Gong, Eric P. Xing, Clark Glymour"
"Kunal Talwar"
"Suman Ravuri, Oriol Vinyals"
"Siavash Khodadadeh, Ladislau Boloni, Mubarak Shah"
"Ximei Wang, Ying Jin, Mingsheng Long, Jianmin Wang, Michael I. Jordan"
"Arman Hasanzadeh, Ehsan Hajiramezanali, Krishna Narayanan, Nick Duffield, Mingyuan Zhou, Xiaoning Qian"
"Minshuo Chen, Haoming Jiang, Wenjing Liao, Tuo Zhao"
"Hermina Petric Maretic, Mireille El Gheche, Giovanni Chierchia, Pascal Frossard"
"Jose Blanchet, Peter W. Glynn, Jun Yan, Zhengqing Zhou"
"Sara Hooker, Dumitru Erhan, Pieter-Jan Kindermans, Been Kim"
"Tom Eccles, Yoram Bachrach, Guy Lever, Angeliki Lazaridou, Thore Graepel"
"Paul Micaelli, Amos J. Storkey"
"Armin Lederer, Jonas Umlauft, Sandra Hirche"
"Yunfei Teng, Wenbo Gao, François Chalus, Anna E. Choromanska, Donald Goldfarb, Adrian Weller"
"Giacomo De Palma, Bobak Kiani, Seth Lloyd"
"Ari Seff, Wenda Zhou, Farhan Damani, Abigail Doyle, Ryan P. Adams"
"Lun Huang, Wenmin Wang, Yaxian Xia, Jie Chen"
"Vincent Cohen-Addad, Niklas Oskar D. Hjuler, Nikos Parotsidis, David Saulpic, Chris Schwiegelshohn"
"Ravi Kumar, Manish Purohit, Zoya Svitkina, Erik Vee, Joshua Wang"
"Ruho Kondo, Keisuke Kawano, Satoshi Koide, Takuro Kutsuna"
